INSERT INTO `mscomputer` (`idcomputer`, `computer`, `os`, `antivirus`, `expired`, `user`, `motherboard`, `processor`, `ram`, `hdd`, `vga`, `casing`, `monitor`, `printer`, `keyboard`, `mouse`, `other`, `iddivisi`, `remark`, `date`, `updatedate`, `ipaddress`, `aktif`) VALUES
	('admhl-vip', 'Admin Helm Vortex', 'Windows 7', 'Avast Free', '2018-05-30', 'Dian', 'Asus P5GC-MX', 'Intel Dual Core', 'DDR2 1 Gb', '80 Gb', 'no', 'power logic', 'lcd 14 inc', 'share', 'Logitec', 'Logitec', 'no', 'Helm', 'CPU Admin Helm', '2017-02-01', '2017-02-01', '192.168.30.11', 'Y'),
	('asshl-vip', 'Assembling  Helm VIP', 'Windows 7', 'Avast Free', '2018-05-30', 'Muti', 'Asus P5GC-MX', 'Intel Dual Core', 'DDR2 1 Gb', '80 Gb', 'no', 'power logic', 'lcd 14 inc', 'Zebra Barcode', 'Logitec', 'Logitec', 'no', 'Helm', 'CPU Assembling 1 VIP', '2017-02-01', '2017-02-01', '192.168.30.13', 'Y'),
	('ppichl-vip', 'PPIC Helm Vortex', 'Windows 7', 'Avast Free', '2018-05-30', 'Nela', 'Asus P5GC-MX', 'Intel Dual Core', 'DDR2 1 Gb', '80 Gb', 'no', 'power logic', 'lcd 14 inc', 'epson lx300', '', 'Logitec', 'no', 'Helm', 'CPU PPIC Helm VIP', '2017-02-01', '2017-02-01', '192.168.30.12', 'Y'),
	('dechl-vip', 'Decal n Paint Helm VIP', 'Windows 7', 'Avast Free', '2018-05-30', 'Nomi', 'Asus P5GC-MX', 'Intel Dual Core', 'DDR2 1 Gb', '80 Gb', 'no', 'power logic', 'lcd 14 inc', 'share', 'Logitec', 'Logitec', 'no', 'Helm', 'CPU Decal n painting VIP', '2017-02-01', '2017-02-01', '192.168.30.16', 'Y'),
	('barhl-vip', 'Barcode Helm VIP', 'Windows 7', 'Avast Free', '2018-05-30', 'Muti', 'Asus P5GC-MX', 'Intel Dual Core', 'DDR2 1 Gb', '80 Gb', 'no', 'power logic', 'lcd 14 inc', 'share', 'Logitec', 'Logitec', 'no', 'Helm', 'CPU Barcode Helm VIP', '2017-02-01', '2017-02-01', '192.168.30.16', 'Y'),
	('dsn1-vip', 'Desain1 Vortex', 'Windows 7', 'Avast Free', '2018-05-30', 'Yuli', 'Asus LGA 1155', 'Intel Core i5', 'DDR3 8 Gb', '1 Tb', 'DDR3 2Gb', 'Sim Cool', 'lcd 17 inc', 'epson l210', 'Logitec', 'Logitec', 'no', 'VIP', 'CPU Desain1 VIP', '2017-02-01', '2017-02-01', '192.168.30.9', 'Y'),
	('dsn2-vip', 'Desain1 Vortex', 'Windows 7', 'Avast Free', '2018-05-30', 'Weby', 'Asus LGA 1155', 'Intel Core i5', 'DDR3 4 Gb', '500Gb', 'DDR3 1Gb', 'Power Logic', 'lcd 15 inc', 'share', 'Logitec', 'Logitec', 'no', 'VIP', 'CPU Desain2 VIP', '2017-02-01', '2017-02-01', '192.168.30.10', 'Y'),
	('dsn3-vip', 'Desain1 Vortex', 'Windows 7', 'Avast Free', '2018-05-30', '-', 'Asus LGA 1155', 'Intel Core i3', 'DDR3 4 Gb', '500Gb', 'DDR3 1Gb', 'Power Logic', 'lcd 15 inc', 'share', 'Logitec', 'Logitec', 'no', 'VIP', 'CPU Desain3 VIP', '2017-02-01', '2017-02-01', '192.168.30.10', 'Y'),
	('lgt-vip', 'Logistic Vortex', 'Windows 7', 'Avast Free', '2018-05-30', 'Narko', 'Asus P5GC-MX', 'Intel Dual Core', 'DDR2 1 Gb', '80 Gb', 'no', 'power logic', 'lcd 14 inc', 'epson lx 300', 'Logitec', 'Logitec', 'no', 'VIP', 'CPU Surat Jalan VIP', '2017-02-01', '2017-02-01', '192.168.30.2', 'Y'),
	('ped-vip', 'PED & Admin Prod Vortex', 'Windows 7', 'Avast Free', '2018-05-30', 'Gozali', 'Asus P5GC-MX', 'Intel Dual Core', 'DDR2 1 Gb', '80 Gb', 'no', 'power logic', 'lcd 14 inc', 'no', 'Logitec', 'Logitec', 'no', 'VIP', 'CPU PED VIP', '2017-02-01', '2017-02-01', '192.168.30.6', 'Y'),
	('ppicinj-vip', 'PPIC Inj Vortex', 'Windows 7', 'Avast Free', '2018-05-30', 'Ani', 'Asus P5GC-MX', 'Intel Dual Core', 'DDR2 1 Gb', '80 Gb', 'no', 'power logic', 'lcd 14 inc', 'epson lx300', 'Logitec', 'Logitec', 'no', 'VIP', 'CPU PPIC Injection VIP', '2017-02-01', '2017-02-01', '192.168.30.5', 'Y'),
	('qaqc-vip', 'QA - QC Vortex', 'Windows 7', 'Avast Free', '2018-05-30', 'Irvan', 'Asus P5GC-MX', 'Intel Dual Core', 'DDR2 1 Gb', '80 Gb', 'no', 'power logic', 'lcd 14 inc', 'epson lx300', 'Logitec', 'Logitec', 'no', 'VIP', 'CPU QA QC VIP', '2017-02-01', '2017-02-01', '192.168.30.8', 'Y'),
	('hrd-vip', 'HRD-Vortex', 'Windows 7', 'avast Free', '2018-05-30', 'Entin', 'Asus Lga 775', 'Dual core', 'DDR2 1Gb', '160Gb', 'no', 'power logic', 'LCD 15"', 'Epson L110', 'Logitec', 'Logitec', 'no', 'VIP', 'CPU HRD VIP', '2017-02-16', NULL, '192.168.1.5', 'Y'),
	('svr-vip', 'Server Vortex', 'Windows 7', 'avast Free', '2018-05-30', 'all', 'G41MT-S2PT', 'Core 2 Duo', 'DDR2 1Gb', '160Gb', 'no', 'power logic', 'LCD 15"', 'Epson L110', 'Logitec', 'Logitec', 'no', 'VIP', 'CPU server data VIP', '2017-02-16', NULL, '192.168.30.1', 'Y'),
	('wh1-vip', 'Warehouse1 Vortex', 'Windows 7', 'Avast Free', '2018-05-30', 'Iqbal', 'Asus P5GC-MX', 'Intel Dual Core', 'DDR2 1 Gb', '80 Gb', 'no', 'power logic', 'lcd 14 inc', 'epson lx 300', 'Logitec', 'Logitec', 'no', 'VIP', 'CPU Gudang 1', '2017-02-01', '2017-02-01', '192.168.30.3', 'Y'),
	('wh2-vip', 'Warehouse2 Vortex', 'Windows 7', 'Avast Free', '2018-05-30', 'Gita', 'Asus P5GC-MX', 'Intel Dual Core', 'DDR2 1 Gb', '80 Gb', 'no', 'power logic', 'lcd 14 inc', 'epson l100', 'Logitec', 'Logitec', 'no', 'VIP', 'CPU Gudang 2', '2017-02-01', '2017-02-01', '192.168.30.4', 'Y'),
	('modem-vip', 'Modem VIP', 'no', 'no', '2018-05-30', 'no', 'tplink', 'no', 'no', 'no', 'no', 'no', 'no', 'no', 'no', 'no', 'no', 'VIP', 'Modem Internet VIP', '2016-07-18', NULL, '192.168.1.1', 'Y'),
	('wifi1-vip', 'Wifi Staff VIP', 'no', 'no', '2018-05-30', 'no', 'tplink', 'no', 'no', 'no', 'no', 'no', 'no', 'no', 'no', 'no', 'no', 'VIP', 'Wifi Karyawan VIP', '2016-07-18', NULL, '192.168.1.5', 'Y'),
	('wifi2-vip', 'Wifi Tamu VIP', 'no', 'no', '2018-05-30', 'no', 'tplink', 'no', 'no', 'no', 'no', 'no', 'no', 'no', 'no', 'no', 'no', 'VIP', 'Wifi Tamu VIP', '2016-07-18', NULL, '192.168.30.2', 'Y'),
	
	('hrd-mot', 'HRD MOT', 'Windows 7', 'avast Free', '2018-05-30', 'Kiki', 'Asus Lga 775', 'Dual core', 'DDR2 1Gb', '160Gb', 'no', 'power logic', 'LCD 15"', 'Epson L110', 'Logitec', 'Logitec', 'no', 'MOT', 'CPU HRD MOT', '2017-02-16', NULL, '192.168.1.5', 'Y'),	
	('ppicdt-mot', 'PPIC Dot MOT', 'Windows 7', 'avast Free', '2018-05-30', 'Ningsih', 'Asus Lga 775', 'Dual core', 'DDR2 1Gb', '160Gb', 'no', 'power logic', 'LCD 15"', 'Share', 'Logitec', 'Logitec', 'no', 'MOT', 'CPU Admin 1 MOT', '2017-02-16', NULL, '192.168.1.5', 'Y'),
	('ppichl-mot', 'PPIC Helm MOT', 'Windows 7', 'avast Free', '2018-05-30', 'Iwan', 'Asus Lga 775', 'Dual core', 'DDR2 1Gb', '160Gb', 'no', 'power logic', 'LCD 15"', 'share', 'Logitec', 'Logitec', 'no', 'MOT', 'CPU Admin 2 MOT', '2017-02-16', NULL, '192.168.1.5', 'Y'),
	('qc-mot', 'QC MOT', 'Windows 7', 'avast Free', '2018-05-30', 'Iwan', 'Asus Lga 775', 'Dual core', 'DDR2 1Gb', '160Gb', 'no', 'power logic', 'LCD 15"', 'share', 'Logitec', 'Logitec', 'no', 'MOT', 'CPU Admin 3 MOT', '2017-02-16', NULL, '192.168.1.5', 'Y'),
	('adm-mot', 'Admin MOT', 'Windows 7', 'avast Free', '2018-05-30', '-', 'Asus Lga 775', 'Dual core', 'DDR2 1Gb', '160Gb', 'no', 'power logic', 'LCD 15"', 'share', 'Logitec', 'Logitec', 'no', 'MOT', 'CPU HRD MOT', '2017-02-16', NULL, '192.168.1.5', 'Y'),
	('wh-mot', 'Warehouse MOT', 'Windows 7', 'avast Free', '2018-05-30', 'Kiki', 'Asus Lga 775', 'Dual core', 'DDR2 1Gb', '160Gb', 'no', 'power logic', 'LCD 15"', 'share', 'Logitec', 'Logitec', 'no', 'MOT', 'CPU Admin 3 MOT', '2017-02-16', NULL, '192.168.1.5', 'Y'),
	('vsr-mot', 'Visor MOT', 'Windows 7', 'avast Free', '2018-05-30', 'Wardi', 'Asus Lga 775', 'Dual core', 'DDR2 1Gb', '160Gb', 'no', 'power logic', 'LCD 15"', 'Epson L100', 'Logitec', 'Logitec', 'no', 'MOT', 'CPU Admin 3 MOT', '2017-02-16', NULL, '192.168.1.5', 'Y'),
	('modem-mot', 'Modem MOT', 'no', 'no', '2018-05-30', 'no', 'tplink', 'no', 'no', 'no', 'no', 'no', 'no', 'no', 'no', 'no', 'no', 'MOT', 'Modem Internet MOT', '2016-07-18', NULL, '192.168.1.1', 'Y'),
	('wifi-mot', 'Wifi Staff MOT', 'no', 'no', '2018-05-30', 'no', 'tplink', 'no', 'no', 'no', 'no', 'no', 'no', 'no', 'no', 'no', 'no', 'MOT', 'Wifi Karyawan MOT', '2016-07-18', NULL, '192.168.1.5', 'Y'),
	
	('modem-sas', 'Modem SAS', 'no', 'no', '2018-05-30', 'no', 'Huawei', 'no', 'no', 'no', 'no', 'no', 'no', 'no', 'no', 'no', 'no', 'SAS', 'Modem Internet SAS', '2016-07-18', NULL, '192.168.8.1', 'Y'),
	('wifi1-sas', 'Wifi Staff SAS', 'no', 'no', '2018-05-30', 'no', 'tplink', 'no', 'no', 'no', 'no', 'no', 'no', 'no', 'no', 'no', 'no', 'SAS', 'Wifi Karyawan SAS', '2016-07-18', NULL, '192.168.8.5', 'Y'),
	('wifi2-sas', 'Wifi Tamu SAS', 'no', 'no', '2018-05-30', 'no', 'tplink', 'no', 'no', 'no', 'no', 'no', 'no', 'no', 'no', 'no', 'no', 'SAS', 'Wifi Tamu SAS', '2016-07-18', NULL, '192.168.21.1', 'Y'),
	('qc-sas', 'QC - SAS', 'Windows 7', 'Avast', '2018-05-30', 'Rika', 'Asus', 'Intel Dual Core 3.0 Ghz', 'DDR2 1Gb', 'HDD 500 Gb', 'No', 'Power Logic 450W', 'LCD 15"', 'Share', 'logitech ps2', 'logitech usb', 'Wifi usb Lan', 'SAS', 'Cpu QC SAS', '2016-07-18', '2017-10-26', '192.168.20.8', 'Y'),
	('qa-sas', 'QA - SAS', 'Windows 7', 'Avast', '2018-05-30', 'Indri', 'Asus', 'Intel Core2Duo 3.0 Ghz', 'DDR2 1Gb', 'HDD 500 Gb', 'No', 'Power Logic 450W', 'LCD 15"', 'Canon Scan Copy', 'logitech ps2', 'logitech usb', 'Wifi usb Lan', 'SAS', 'Cpu QA SAS', '2016-07-18', '2017-10-26', '192.168.20.9', 'Y'),
	('ped-sas', 'PED - SAS', 'Windows 7', 'Avast', '2018-05-30', 'Oky', 'Asus', 'Intel Core2Duo 3.0 Ghz', 'DDR2 1Gb', 'HDD 500 Gb', 'No', 'Power Logic 450W', 'LCD 15"', 'Share', 'logitech ps2', 'logitech usb', 'Wifi usb Lan', 'SAS', 'Cpu PED SAS', '2016-07-18', '2017-10-26', '192.168.20.15', 'Y'),
	('server-sas', 'Server - SAS', 'Windows 7', 'Avast', '2018-05-30', '-', 'Asus', 'Intel Core2Duo 3.0 Ghz', 'DDR2 1Gb', 'HDD 500 Gb', 'No', 'Power Logic 450W', 'LCD 15"', 'Epson L310', 'logitech ps2', 'logitech usb', 'Wifi usb Lan', 'SAS', 'Cpu Server SAS', '2016-07-18', '2017-10-26', '192.168.20.13', 'Y'),
	('adm-cbn1', 'Admin - SAS', 'Windows 7', 'Avast', '2018-05-30', 'Nita', 'Asus', 'Intel Dual Core 3.0 Ghz', 'DDR2 1Gb', 'HDD 500 Gb', 'No', 'Power Logic 450W', 'LCD 15"', 'Share', 'logitech ps2', 'logitech usb', 'Wifi usb Lan', 'SAS', 'Cpu Admin SAS', '2016-07-18', '2017-10-26', '192.168.20.12', 'Y'),
	('pabx-cbn2', 'pabx - SAS', 'Windows 7', 'Avast', '2018-05-30', '-', 'Asus', 'Intel Dual Core 3.0 Ghz', 'DDR2 1Gb', 'HDD 500 Gb', 'No', 'Power Logic 450W', 'LCD 15"', 'Share', 'logitech ps2', 'logitech usb', 'Wifi usb Lan', 'SAS', 'Cpu PABX SAS', '2016-07-18', '2017-10-26', '192.168.20.2', 'Y'),
	('ppic-sas', 'ppic - SAS', 'Windows 7', 'Avast', '2018-05-30', 'Diana', 'Asus', 'Intel Dual Core 3.0 Ghz', 'DDR2 1Gb', 'HDD 500 Gb', 'No', 'Power Logic 450W', 'LCD 15"', 'Share', 'logitech ps2', 'logitech usb', 'Wifi usb Lan', 'SAS', 'Cpu PPIC SAS', '2016-07-18', '2017-10-26', '192.168.20.26', 'Y'),
	('timbang-sas', 'timbangan - SAS', 'Windows 7', 'Avast', '2018-05-30', 'Nurmansyah', 'Asus', 'Intel Dual Core 3.0 Ghz', 'DDR2 1Gb', 'HDD 500 Gb', 'No', 'Power Logic 450W', 'LCD 15"', 'Lx300', 'logitech ps2', 'logitech usb', 'Wifi usb Lan', 'SAS', 'Cpu Timbangan SAS', '2016-07-18', '2017-10-26', '192.168.20.32', 'Y'),
	('logistik-sas', 'logistik - SAS', 'Windows 7', 'Avast', '2018-05-30', 'Nurmansyah', 'Asus', 'Intel Dual Core 3.0 Ghz', 'DDR2 1Gb', 'HDD 500 Gb', 'No', 'Power Logic 450W', 'LCD 15"', 'Epson L100', 'logitech ps2', 'logitech usb', 'Wifi usb Lan', 'SAS', 'Cpu Logistik SAS', '2016-07-18', '2017-10-26', '192.168.20.31', 'Y'),
	('prod-sas', 'produksi - SAS', 'Windows 7', 'Avast', '2018-05-30', 'Diana', 'Asus', 'Intel Dual Core 3.0 Ghz', 'DDR2 1Gb', 'HDD 500 Gb', 'No', 'Power Logic 450W', 'LCD 15"', 'Share', 'logitech ps2', 'logitech usb', 'Wifi usb Lan', 'SAS', 'Cpu Produksi SAS', '2016-07-18', '2017-10-26', '192.168.20.15', 'Y'),
	('wh-sas', 'warehouse - SAS', 'Windows 7', 'Avast', '2018-05-30', 'Ely', 'Asus', 'Intel Dual Core 3.0 Ghz', 'DDR2 1Gb', 'HDD 500 Gb', 'No', 'Power Logic 450W', 'LCD 15"', 'Epson Lx300', 'logitech ps2', 'logitech usb', 'Wifi usb Lan', 'SAS', 'Cpu Warehouse SAS', '2016-07-18', '2017-10-26', '192.168.20.102', 'Y'),
	
	('prod-agp', 'produksi - Rubber', 'Windows 7', 'Avast', '2018-05-30', 'Esra', 'gigabyte', 'Intel Dual Core 2.0 Ghz', 'DDR2 1Gb', 'HDD 160 Gb', 'No', 'Power Logic 450W', 'LCD 15"', 'share', 'logitech ps2', 'logitech usb', 'Wifi usb Lan', 'AGP', 'Cpu Admin Produksi 1 AGP', '2016-07-18', NULL, '192.168.20.62', 'Y'),
	('ppic-agp', 'ppic - Rubber', 'Windows 7', 'Avast', '2018-05-30', 'Esra', 'gigabyte', 'Intel Dual Core 2.0 Ghz', 'DDR2 1Gb', 'HDD 160 Gb', 'No', 'Power Logic 450W', 'LCD 15"', 'Epson LX300', 'logitech ps2', 'logitech usb', 'Wifi usb Lan', 'AGP', 'Cpu Admin Produksi 2 AGP', '2016-07-18', NULL, '192.168.20.63', 'Y'),
	('head-agp', 'kepala - Rubber', 'Windows 7', 'Avast', '2018-05-30', 'Mulyono', 'gigabyte', 'Intel Dual Core 2.0 Ghz', 'DDR2 1Gb', 'HDD 160 Gb', 'No', 'Power Logic 450W', 'LCD 15"', 'share', 'logitech ps2', 'logitech usb', 'Wifi usb Lan', 'AGP', 'Cpu Admin Gudang 2 AGP', '2016-07-18', NULL, '192.168.20.64', 'Y'),
	('wh-agp', 'warehouse - Rubber', 'Windows 7', 'Avast', '2018-05-30', 'Esra', 'Asus', 'Intel Dual Core 2.0 Ghz', 'DDR2 1Gb', 'HDD 160 Gb', 'No', 'Power Logic 450W', 'LCD 15"', 'Epson L100', 'logitech ps2', 'logitech usb', 'Wifi usb Lan', 'AGP', 'Cpu Laboratorium Karet 1 AGP', '2016-07-18', NULL, '192.168.20.51', 'Y'),
	('mix-agp', 'mixing - rubber', 'Windows 7', 'Avast', '2018-05-30', 'Arifin', 'Mobo LGA 1155', 'Intel Core i3 2.0 Ghz', 'DDR3 2Gb', 'HDD 500 Gb', 'No', 'Power Logic 450W', 'LCD 15"', 'share', 'logitech ps2', 'logitech usb', 'Wifi usb Lan', 'AGP', 'Cpu Laboratorium Karet 2 AGP', '2016-07-18', NULL, '192.168.20.52', 'Y'),
	('lab1-agp', 'Lab 1 - Rubber', 'Windows 7', 'Avast', '2018-05-30', 'Mulyono', 'gigabyte', 'Intel Dual Core 2.0 Ghz', 'DDR2 1Gb', 'HDD 160 Gb', 'No', 'Power Logic 450W', 'LCD 15"', 'share', 'logitech ps2', 'logitech usb', 'Wifi usb Lan', 'AGP', 'Cpu Laboratorium Karet 3 AGP', '2016-07-18', NULL, '192.168.20.53', 'Y'),
	('lab2-agp', 'Lab 2 - Rubber', 'Windows 7', 'Avast', '2018-05-30', 'Mulyono', 'gigabyte', 'Intel Dual Core 2.0 Ghz', 'DDR2 1Gb', 'HDD 160 Gb', 'No', 'Power Logic 450W', 'LCD 15"', 'Epson LX300', 'logitech ps2', 'logitech usb', 'Wifi usb Lan', 'AGP', 'Cpu Mixing AGP', '2016-07-18', NULL, '192.168.20.66', 'Y'),
	('lab3-agp', 'Lab3 - Rubber', 'Windows 7', 'Avast', '2018-05-30', 'Mulyono', 'gigabyte', 'Intel Dual Core 2.0 Ghz', 'DDR2 1Gb', 'HDD 160 Gb', 'No', 'Power Logic 450W', 'LCD 15"', 'Epson L100', 'logitech ps2', 'logitech usb', 'Wifi usb Lan', 'AGP', 'Cpu PPIC 1 AGP', '2016-07-18', NULL, '192.168.20.61', 'Y'),
	
	('modem-top', 'Modem - INJ2', 'no', 'no', '2018-05-30', 'no', 'tplink', 'no', 'no', 'no', 'no', 'no', 'no', 'no', 'no', 'no', 'no', 'TOP', 'Modem Internet TOP', '2016-07-18', NULL, '192.168.1.1', 'Y'),
	('wifi-top', 'RouterWifi 1 - INJ2', 'no', 'no', '2018-05-30', 'no', 'tplink', 'no', 'no', 'no', 'no', 'no', 'no', 'no', 'no', 'no', 'no', 'TOP', 'Router Wifi 1 TOP', '2016-07-18', NULL, '192.168.21.1', 'Y'),
	('wh-top', 'AdminWrhs - INJ2', 'Windows 7', 'Avast', '2018-05-30', 'Eko', 'gigabyte', 'Intel Dual Core 2.0 Ghz', 'DDR2 1Gb', 'HDD 500 Gb', 'No', 'Power Logic 450W', 'LCD 15"', 'Epson LX300', 'logitech ps2', 'logitech usb', 'Wifi usb Lan', 'TOP', 'Cpu Kepala Produksi TOP', '2016-07-18', NULL, '192.168.21.21', 'Y'),
	('prod1-top', 'AdminProd - INJ2', 'Windows 7', 'Avast', '2018-05-30', 'Lukman', 'gigabyte', 'Intel Dual Core 2.0 Ghz', 'DDR2 1Gb', 'HDD 160 Gb', 'No', 'Power Logic 450W', 'LCD 15"', 'share', 'logitech ps2', 'logitech usb', 'Wifi usb Lan', 'TOP', 'Cpu Admin produksi TOP', '2016-07-18', NULL, '192.168.21.32', 'Y'),
	('prod2-top', 'AdminProd - INJ3', 'Windows 7', 'Avast', '2018-05-30', 'Ika', 'gigabyte', 'Intel Dual Core 2.0 Ghz', 'DDR2 1Gb', 'HDD 160 Gb', 'No', 'Power Logic 450W', 'LCD 15"', 'share', 'logitech ps2', 'logitech usb', 'Wifi usb Lan', 'TOP', 'Cpu Admin produksi 2 TOP', '2016-07-18', '2017-10-26', '192.168.21.32', 'Y'),
	('hrd-top', 'HRD - INJ2', 'Windows 7', 'Avast', '2018-05-30', 'Endang', 'gigabyte', 'Intel Dual Core 2.0 Ghz', 'DDR2 1Gb', 'HDD 160 Gb', 'No', 'Power Logic 450W', 'LCD 15"', 'share', 'logitech ps2', 'logitech usb', 'Wifi usb Lan', 'TOP', 'Cpu HRD TOP', '2016-07-18', NULL, '192.168.21.33', 'Y'),
	('ppic-top', 'PPIC - INJ2', 'Windows 7', 'Avast', '2018-05-30', 'Adi', 'gigabyte', 'Intel Dual Core 2.0 Ghz', 'DDR2 1Gb', 'HDD 160 Gb', 'No', 'Power Logic 450W', 'LCD 15"', 'Epson LX300', 'logitech ps2', 'logitech usb', 'Wifi usb Lan', 'TOP', 'Cpu PPIC TOP', '2016-07-18', NULL, '192.168.21.31', 'Y'),
	('head-top', 'Produksi - INJ2', 'Windows 7', 'Avast', '2018-05-30', 'Dedi', 'gigabyte', 'Intel Dual Core 2.0 Ghz', 'DDR2 1Gb', 'HDD 160 Gb', 'No', 'Power Logic 450W', 'LCD 15"', 'share', 'logitech ps2', 'logitech usb', 'Wifi usb Lan', 'TOP', 'Cpu Kepala Produksi TOP', '2016-07-18', NULL, '192.168.21.11', 'Y'),
	('qc-top', 'QC - INJ2', 'Windows 7', 'Avast', '2018-05-30', 'Desi', 'gigabyte', 'Intel Dual Core 2.0 Ghz', 'DDR2 1Gb', 'HDD 160 Gb', 'No', 'Power Logic 450W', 'LCD 15"', 'Epson LX300', 'logitech ps2', 'logitech usb', 'Wifi usb Lan', 'TOP', 'Cpu QC TOP', '2016-07-18', NULL, '192.168.21.34', 'Y');


INSERT INTO `msdivisi` (`iddivisi`, `divisi`, `idcompany`, `utama`, `leader`, `location`, `pin`, `email`, `ip`) VALUES
	('SAS', 'Injection 1', 'ipak', 'N', 'Drajat', 'Jl Manis V - Tangerang', 'e10adc3949ba59abbe56e057f20f883e', 'opunk.janie@gmail.com', '::1'),
	('AGP', 'Rubber', 'ipak', 'Y', 'Mulyono', 'Jl Manis V - Tangerang', 'e10adc3949ba59abbe56e057f20f883e', 'mul.rubber@gmail.com', ''),
	('TOP', 'Injection 2', 'ipak', 'Y', 'Dedi', 'Pasar Kemis - Tangerang', 'e10adc3949ba59abbe56e057f20f883e', 'yance.prodfac@gmail.com', ''),
	('VIP', 'Injection', 'vip', 'Y', 'Ika', 'Jl Manis Raya - Tangerang', '14e1b600b1fd579f47433b88e8d85291', 'iis.sholicha@gmail.com', '120.188.5.97'),
	('HELM', 'Helm', 'vip', 'Y', 'Triyono', 'Jl Manis Raya', 'e10adc3949ba59abbe56e057f20f883e', 'opunk.janie@gmail.com', ''),
	('MOT', 'Injection 2', 'vip', 'N', 'Timbul', 'Cikupa', 'e10adc3949ba59abbe56e057f20f883e', 'timbul@gmail.com', ''),
	('HO1', 'Kantor', 'ipak', 'N', 'Wina', 'Graha Kencana Kebon Jeruk', 'e10adc3949ba59abbe56e057f20f883e', 'wina_accho@yahoo.co.id', '192.168.10.158'),
	('HO2', 'Kantor', 'vip', 'N', 'Wina', 'Graha Kencana Kebon Jeruk', 'e10adc3949ba59abbe56e057f20f883e', 'wina_accho@yahoo.co.id', '');


INSERT INTO `mslocation` (`idlocation`, `idcompany`, `location`, `address`) VALUES
	('lcipak1', 'ipak', 'Kawasan Manis - Jatake', 'Jl. Manis V No. 18, Jatiuwung Banten'),
	('lcipak2', 'ipak', 'TOP-Pasar Kemis', 'Jl. Pasar Kemis Raya, Banten'),
	('lcipak3', 'ipak', 'HO-I', 'Ruko Pinangsia Blok I'),
	('lcipak4', 'ipak', 'HO-L', 'Ruko Pinangsia Blok L'),
	('lcipak5', 'ipak', 'Graha Kencana', 'Komplek Graha Kencana, Kebon Jeruk Jakarta Barat');


INSERT INTO `mslogin` (`idlogin`, `nama`, `password`, `active`, `idcompany`, `idtech`, `email`) VALUES
	('admin', 'admin', '21232f297a57a5a743894a0e4a801fc3', 'Y', 'ALL', 'ALL', ''),
	('desi', 'Desiyanti', 'e10adc3949ba59abbe56e057f20f883e', 'Y', 'ALL', 'IT1', 'jual.jasait@gmail.com'),
	('gofur', 'Achmad Gofur', 'e28c4514a9fdf386f8a01e0b46cbceda', 'Y', 'ALL', 'IT1', 'it.divisi01@gmail.com'),
	('ika', 'Iis Solicha', 'e10adc3949ba59abbe56e057f20f883e', 'Y', 'ALL', 'IT1', 'opunk.janie@gmail.com'),
	('ipak', 'ipak', 'e10adc3949ba59abbe56e057f20f883e', 'Y', 'ipak', NULL, ''),
	('vip', 'vip', 'e10adc3949ba59abbe56e057f20f883e', 'Y', 'vip', NULL, '');


INSERT INTO `mspart` (`idpart`, `part`, `remark`, `idtech`, `idunit`, `active`) VALUES
	('CSG', 'Cassing CPU', 'Cassing CPU Standard', 'IT1', 'pcs', 'Y'),
	('DDR21', 'DDR2 1Gb', 'Memory PC DDR2 1Gb', 'IT1', 'pcs', 'Y'),
	('DDR22', 'DDR2 2Gb', 'Memory PC DDR2 2Gb', 'IT1', 'pcs', 'Y'),
	('DDR31', 'DDR3 1Gb', 'Memory PC DDR3 1Gb', 'IT1', 'pcs', 'Y'),
	('DDR32', 'DDR3 2Gb', 'Memory PC DDR3 2Gb', 'IT1', 'pcs', 'Y'),
	('DDR34', 'DDR3 4Gb', 'Memory PC DDR3 4Gb', 'IT1', 'pcs', 'Y'),
	('HDD1000', 'Harddisk 1 Tb', 'Harddisk Space 1 Tb', 'IT1', 'pcs', 'Y'),
	('HDD160', 'Harddisk 160 Gb', 'Harddisk Space 160 Gb', 'IT1', 'pcs', 'Y'),
	('HDD2000', 'Harddisk 2 Tb', 'Harddisk Space 2 Tb', 'IT1', 'pcs', 'Y'),
	('HDD250', 'Harddisk 250 Gb', 'Harddisk Space 250 Gb', 'IT1', 'pcs', 'Y'),
	('HDD500', 'Harddisk 500 Gb', 'Harddisk Space 500 Gb', 'IT1', 'pcs', 'Y'),
	('HDD80', 'Harddisk 80 Gb', 'Harddisk Space 80 Gb', 'IT1', 'pcs', 'Y'),
	('KYB', 'Keyboard', 'Keyboard Standard', 'IT1', 'pcs', 'Y'),
	('LED15', 'Monitor LED 15inc', 'Monitor LED 15 inc', 'IT1', 'unit', 'Y'),
	('MB1150', 'Motherboard LGA 1150', 'Maibboard Cocket LGA 1150', 'IT1', 'pcs', 'Y'),
	('MB1155', 'Motherboard LGA 1155', 'Maibboard Cocket LGA 1155', 'IT1', 'pcs', 'Y'),
	('MB775', 'Motherboard LGA 775', 'Maibboard Cocket LGA 775', 'IT1', 'pcs', 'Y'),
	('MOS', 'Mouse', 'Mouse Standard', 'IT1', 'pcs', 'Y'),
	('PRC1', 'Intel Dual Core 2.0Ghz', 'Processor Intel Dual Core 2.0Ghz', 'IT1', 'pcs', 'Y'),
	('PRC2', 'Intel Dual Core 3.0Ghz', 'Processor Intel Dual Core 3.0Ghz', 'IT1', 'pcs', 'Y'),
	('PRC3', 'Intel Core2Duo 3.0Ghz', 'Processor Intel Core2Duo 3.0Ghz', 'IT1', 'pcs', 'Y'),
	('PSU45', 'Power Supply 450W', 'Power Supply CPU 450W', 'IT1', 'pcs', 'Y'),
	('PSU50', '	Power Supply 500W', 'Power Supply CPU 500W', 'IT1', 'pcs', 'Y'),
	('WI1', 'Wifi Usb', 'Wifi Usb', 'IT1', 'pcs', 'Y'),
	('WINXP', 'Windows XP', 'Original Windows XP', 'IT2', 'cd', 'Y');


INSERT INTO `trwr` (`nowr`, `date`, `idcomputer`, `idtech`, `user`, `idcompany`, `iddivisi`, `signature`, `assign`, `issue`, `alasan`, `status`, `closedate`, `getpart`, `request`, `vendor`) VALUES
	('WRIPAK/2018-01/0001', '2018-01-03 09:20:12', 'server-sas', 'IT1', 'Rika', 'ipak', 'SAS', 'Timbul', 'gofur', 'Komputer Tidak Nyala', 'Kabel Power Kurang Pas', 'CO', '2018-01-03 10:10:19', '', NULL, NULL),
	('WRVIP/2018-01/0001', '2018-01-10 11:45:02', 'ppic-vip', 'IT1', 'Ani', 'vip', 'VIP', 'Basuki', 'gofur', 'PC Mati', 'Kabel Power Kurang Pas', 'CO', '2018-01-03 10:10:19', '', NULL, NULL),
	('WRVIP/2018-01/0002', '2018-01-12 08:20:01', 'ppic-vip', 'IT1', 'Ani', 'vip', 'VIP', 'Basuki', 'gofur', 'PC Mati', 'Kabel Power Kurang Pas', 'CO', '2018-01-03 10:10:19', '', NULL, NULL),

	('WRIPAK/2017-03/0001', '2017-03-12 13:20:57', 'inj2-adm1', 'IT1', 'Sukma', 'ipak', 'TOP', 'Dedi', 'gofur', 'Share File Mati', 'Wifi Router Terlalu Panas', 'CO', '2017-03-12 13:58:30', NULL, NULL, NULL),
	('WRIPAK/2017-03/0002', '2017-03-15 16:20:57', 'rub-lab2', 'IT1', 'Lala', 'ipak', 'AGP', 'Mulyono', 'gofur', 'Aplikasi Mesin Error', 'Aplikasi Error', 'CO', '2017-03-16 09:21:02', NULL, NULL, NULL),
	('WRIPAK/2017-04/0001', '2017-04-20 10:20:57', 'inj2-hrd', 'IT1', 'Sukma', 'ipak', 'TOP', 'Dedi', 'gofur', 'Wifi tidak terdeteksi', 'Wifi Router Terlalu Panas', 'CO', '2017-04-20 11:01:23', NULL, NULL, NULL),
	('WRIPAK/2017-05/0001', '2017-05-02 08:20:57', 'rub-ppic1', 'IT1', 'Fitri', 'ipak', 'AGP', 'Mulyono', 'gofur', 'CPU Lambat', 'Harddisk Mulai Crash', 'CO', '2017-05-02 10:13:02', 'GPAGP/2017-05/0001', NULL, NULL),
	('WRIPAK/2017-05/0002', '2017-05-12 14:20:57', 'rub-adm1', 'IT1', 'Fitri', 'ipak', 'AGP', 'Mulyono', 'gofur', 'Gagal print share', 'Wifi Usb Tidak terpasang dengan Baik', 'CO', '2017-05-12 15:20:12', NULL, NULL, NULL),
	('WRIPAK/2017-06/0001', '2017-06-15 13:09:08', 'rub-adm2', 'IT1', 'Fitri', 'ipak', 'AGP', 'Mulyono', 'gofur', 'Email Error', 'Modem Mati karna Batrai kosong', 'CO', '2017-06-15 14:00:23', NULL, NULL, NULL),
	('WRIPAK/2017-06/0002', '2017-06-30 09:02:08', 'rub-ppic1', 'IT1', 'Fitri', 'ipak', 'AGP', 'Mulyono', 'gofur', 'Semua CPU Rubber Mati', 'Semua Kabel Listik Putus', 'CO', '2017-06-30 12:32:31', NULL, NULL, NULL),
	('WRIPAK/2017-07/0001', '2017-07-10 11:19:08', 'inj2-adm2', 'IT1', 'Sukma', 'ipak', 'TOP', 'Dedi', 'gofur', 'CPU PPIC Mati', 'Power Supply Rusak', 'CO', '2017-07-10 13:21:33', 'GPTOP/2017-07/0001', NULL, NULL),
	('WRIPAK/2017-08/0001', '2017-08-25 16:19:08', 'inj2-adm1', 'IT1', 'Sukma', 'ipak', 'TOP', 'Dedi', 'gofur', 'Internet Wifi Mati', 'Speedy Offline', 'CO', '2017-08-25 17:01:22', NULL, NULL, NULL),
	('WRIPAK/2017-09/0001', '2017-09-05 13:22:09', 'inj2-hrd', 'IT1', 'Sukma', 'ipak', 'TOP', 'Dedi', 'gofur', 'Request Ubah Password Wifi', '-', 'CO', '2017-09-05 13:59:21', NULL, NULL, NULL),
	('WRIPAK/2017-10/0001', '2017-10-03 14:20:57', 'inj2-hrd', 'IT1', 'Sukma', 'ipak', 'TOP', 'Dedi', 'gofur', 'Telp Ruangan Mati', 'kabel di pabx lepas', 'CO', '2017-10-03 16:02:16', NULL, NULL, NULL),
	('WRVIP/2017-02/0001', '2017-02-23 14:14:10', 'hrd-vip', 'IT1', 'Entin', 'vip', 'VIP', 'Basuki', 'gofur', 'Internet Error', 'Modem Panas', 'CO', '2017-02-23 16:06:48', NULL, NULL, NULL),
	('WRVIP/2017-03/0001', '2017-03-13 12:45:18', 'hrd-vip', 'IT1', 'entin', 'vip', 'VIP', 'Basuki', 'gofur', 'komputer minta ganti', 'Motherboard Error', 'CO', '2017-03-13 15:22:15', 'GPVIP/2017-03/0001', 'PRVIP/2017-03/0001', NULL),
	('WRVIP/2017-04/0001', '2017-04-03 13:39:11', 'dsn2-vip', 'IT1', 'Nella', 'vip', 'VIP', 'Basuki', 'gofur', 'PC ga bisa Login', 'Windows Error', 'CO', '2017-04-03 15:17:06', NULL, NULL, NULL),
	('WRVIP/2017-04/0002', '2017-04-18 10:19:54', 'svrvip', 'IT1', 'Ika', 'vip', 'VIP', 'Basuki', 'gofur', 'CPU Ga bisa Internet', 'Wifi Lan Error', 'CO', '2017-04-18 12:11:37', NULL, NULL, NULL),
	('WRVIP/2017-04/0003', '2017-04-19 11:09:02', 'wh1-vip', 'IT1', 'Narko', 'vip', 'VIP', 'Basuki', 'gofur', 'CPU ga bisa share Print', 'CPU Share Hang', 'CO', '2017-04-19 14:03:32', NULL, NULL, NULL),
	('WRVIP/2017-06/0001', '2017-06-22 09:02:02', 'ppichl-vip', 'IT1', 'Nela', 'vip', 'VIP', 'Triono', 'gofur', 'CPU Lambat', 'Memory Rendah', 'CO', '2017-06-22 12:35:08', 'GPVIP/2017-06/0001', NULL, NULL),
	('WRVIP/2017-06/0002', '2017-06-24 08:32:03', 'qa-vip', 'IT1', 'Ani', 'vip', 'VIP', 'Basuki', 'gofur', 'Komputer ga Nyala', 'Power Supply Rusak', 'CO', '2017-06-24 10:22:22', 'GPVIP/2017-06/0002', NULL, NULL),
	('WRVIP/2017-08/0001', '2017-08-10 09:21:17', 'qc-vip', 'IT1', 'Ani', 'vip', 'VIP', 'Basuki', 'gofur', 'Email Gagal Kirim', 'Email Via Browser Di kunci', 'CO', '2017-08-10 14:40:06', NULL, NULL, NULL),
	('WRVIP/2017-09/0001', '2017-09-22 11:36:17', 'ppicinj-vip', 'IT1', 'Ani', 'vip', 'VIP', 'Basuki', 'gofur', 'Print Bergaris', 'Head Print Kotor', 'CO', '2017-09-22 16:23:29', NULL, NULL, NULL);



INSERT INTO `wrschedule` (`nowr`, `date`, `idcompany`, `iddivisi`, `schedule`) VALUES
	('WRIPAK/2018-01/0001', '2018-01-03', 'ipak', 'SAS', 1),
	('WRIPAK/2018-01/0002', '2018-01-10', 'vip', 'VIP', 1),
	
	('WRIPAK/2017-03/0001', '2017-03-12', 'ipak', 'TOP', 1),
	('WRIPAK/2017-03/0002', '2017-03-15', 'ipak', 'AGP', 1),
	('WRIPAK/2017-04/0001', '2017-04-20', 'ipak', 'TOP', 1),
	('WRIPAK/2017-05/0001', '2017-05-02', 'ipak', 'AGP', 1),
	('WRIPAK/2017-05/0002', '2017-05-12', 'ipak', 'AGP', 1),
	('WRIPAK/2017-06/0001', '2017-06-15', 'ipak', 'AGP', 1),
	('WRIPAK/2017-06/0002', '2017-06-30', 'ipak', 'AGP', 1),
	('WRIPAK/2017-07/0001', '2017-07-20', 'ipak', 'TOP', 1),
	('WRIPAK/2017-08/0001', '2017-08-25', 'ipak', 'TOP', 1),
	('WRIPAK/2017-09/0001', '2017-09-05', 'ipak', 'TOP', 1),
	('WRIPAK/2017-10/0001', '2017-10-03', 'ipak', 'TOP', 1),
	('WRVIP/2017-02/0001', '2017-02-23', 'vip', 'VIP', 1),
	('WRVIP/2017-03/0001', '2017-03-13', 'vip', 'VIP', 1),
	('WRVIP/2017-04/0001', '2017-04-03', 'vip', 'VIP', 1),
	('WRVIP/2017-04/0002', '2017-04-18', 'vip', 'VIP', 1),
	('WRVIP/2017-04/0003', '2017-04-19', 'vip', 'VIP', 1),
	('WRVIP/2017-06/0001', '2017-06-22', 'vip', 'VIP', 1),
	('WRVIP/2017-06/0002', '2017-06-24', 'vip', 'VIP', 1),
	('WRVIP/2017-08/0001', '2017-08-10', 'vip', 'VIP', 1),
	('WRVIP/2017-09/0001', '2017-09-22', 'vip', 'VIP', 1);


INSERT INTO `actionwr` (`nowr`, `schedule`, `action`, `actiondate`, `close`) VALUES
	('WRIPAK/2018-01/0001', 1, 'Lepas kabel power, kemudian pasang kembali', '2018-01-03', 'Y'),
	
	
	('WRIPAK/2017-03/0001', 1, 'Restart Wifi - Instruksi Via Telp', '2017-03-12', 'Y'),
	('WRIPAK/2017-03/0002', 1, 'Backup Database Aplikasi. & Install Ulang Aplikasi', '2017-03-16', 'Y'),
	('WRIPAK/2017-05/0001', 1, 'Ganti Harddisk', '2017-05-02', 'Y'),
	('WRIPAK/2017-05/0002', 1, 'Cabut, kemudian pasang kembali wifi usb dengan benar ', '2017-05-12', 'Y'),
	('WRIPAK/2017-06/0001', 1, 'Charge Batre, kemudian nyalakan modem.', '2017-06-15', 'Y'),
	('WRIPAK/2017-04/0001', 1, 'Matikan dan Nyalakan Kembali Router', '2017-04-20', 'Y'),
	('WRIPAK/2017-06/0002', 1, 'Ganti Semua Kabel Listrik', '2017-06-30', 'Y'),
	('WRIPAK/2017-07/0001', 1, 'Ganti Power Supply', '2017-07-10', 'Y'),
	('WRIPAK/2017-08/0001', 1, 'Konfirm ke pihak Telkom', '2017-08-25', 'Y'),
	('WRIPAK/2017-09/0001', 1, 'Gude Via telp cara ubah Password', '2017-09-05', 'Y'),
	('WRIPAK/2017-10/0001', 1, 'Memastikan kabel telp terpasang di pabx', '2017-10-03', 'Y'),
	('WRVIP/2017-04/0003', 1, 'Restart Paksa CPU Share', '2017-02-23', 'Y'),
	('WRVIP/2017-03/0001', 1, 'Ganti Motherboard & Install Ulang', '2017-03-13', 'Y'),
	('WRVIP/2017-02/0001', 1, 'Restart Modem Speedy', '2017-04-03', 'Y'),
	('WRVIP/2017-04/0001', 1, 'Install Ulang Windows', '2017-04-18', 'Y'),
	('WRVIP/2017-04/0002', 1, 'Cabut Pasang Usb Wifi', '2017-04-19', 'Y'),
	('WRVIP/2017-06/0001', 1, 'Upgrade Memory', '2017-06-22', 'Y'),
	('WRVIP/2017-06/0002', 1, 'Ganti Power Supply', '2017-06-24', 'Y'),
	('WRVIP/2017-08/0001', 1, 'Kirim & Terima Email via Outlook', '2017-08-10', 'Y'),
	('WRVIP/2017-09/0001', 1, 'Bersihkan Printer via Aplikasi', '2017-09-22', 'Y');


INSERT INTO `changedt` (`nocp`, `idpart`, `qty`, `idunit`) VALUES
	('CP/2017-04/0001', 'DDR22', 0, 'pcs'),
	('CP/2017-04/0001', 'DDR31', 0, 'pcs'),
	('CP/2017-04/0001', 'DDR32', 0, 'pcs'),
	('CP/2017-04/0001', 'DDR34', 0, 'pcs'),
	('CP/2017-04/0001', 'HDD1000', 0, 'pcs'),
	('CP/2017-04/0001', 'HDD160', 0, 'pcs'),
	('CP/2017-04/0001', 'HDD2000', 0, 'pcs'),
	('CP/2017-04/0001', 'HDD250', 0, 'pcs'),
	('CP/2017-04/0001', 'HDD500', 0, 'pcs'),
	('CP/2017-04/0001', 'MB1150', 0, 'pcs'),
	('CP/2017-04/0001', 'MB1155', 0, 'pcs'),
	('CP/2017-04/0001', 'MB775', 0, 'pcs'),
	('CP/2017-04/0001', 'PRC2', 0, 'pcs'),
	('CP/2017-04/0001', 'PRC3', 0, 'pcs'),
	('CP/2017-04/0001', 'PSU50', 0, 'pcs'),
	('CP/2017-04/0001', 'WINXP', 0, 'cd'),
	('CP/2017-04/0001', 'DDR22', 0, 'pcs'),
	('CP/2017-04/0001', 'DDR31', 0, 'pcs'),
	('CP/2017-04/0001', 'DDR32', 0, 'pcs'),
	('CP/2017-04/0001', 'DDR34', 0, 'pcs'),
	('CP/2017-04/0001', 'HDD1000', 0, 'pcs'),
	('CP/2017-04/0001', 'HDD160', 0, 'pcs'),
	('CP/2017-04/0001', 'HDD2000', 0, 'pcs'),
	('CP/2017-04/0001', 'HDD250', 0, 'pcs'),
	('CP/2017-04/0001', 'HDD500', 0, 'pcs'),
	('CP/2017-04/0001', 'MB1150', 0, 'pcs'),
	('CP/2017-04/0001', 'MB1155', 0, 'pcs'),
	('CP/2017-04/0001', 'MB775', 0, 'pcs'),
	('CP/2017-04/0001', 'PRC2', 0, 'pcs'),
	('CP/2017-04/0001', 'PRC3', 0, 'pcs'),
	('CP/2017-04/0001', 'PSU50', 0, 'pcs'),
	('CP/2017-04/0001', 'WINXP', 0, 'cd');


INSERT INTO `changehd` (`nocp`, `tanggal`, `idcomputer`, `keterangan`) VALUES
	('CP/2017-04/0001', '2017-04-27', '', ''),
	('CP/2017-04/0001', '2017-04-27', '', '');


INSERT INTO `mscompany` (`idcompany`, `company`, `address`, `phone`, `alias`, `logo`, `qa`, `active`) VALUES
	('ipak', 'PT. Inti Plastik Aneka Karet', 'Jl. Manis V No. 18', '021-5918118', 'IPAK', 'ipak.jpg', 'Indri', 'Y'),
	('vip', 'PT. Vortex Interplasindo', 'Jl. Manis Raya No. 7-9', '021-5916388', 'VIP', 'vip.jpg', 'Basuki', 'Y');







INSERT INTO `mspartstock` (`idpart`, `date`, `stock`, `idcompany`, `idunit`) VALUES
	('CSG', '2017-03-31 00:00:00', 5, NULL, 'pcs'),
	('DDR21', '2017-03-31 00:00:00', 1, NULL, 'pcs'),
	('DDR22', '2017-03-31 00:00:00', 1, NULL, 'pcs'),
	('DDR31', '2017-03-31 00:00:00', 1, NULL, 'pcs'),
	('DDR32', '2017-03-31 00:00:00', 0, NULL, 'pcs'),
	('DDR34', '2017-03-31 00:00:00', 0, NULL, 'pcs'),
	('HDD1000', '2017-03-31 00:00:00', 1, NULL, 'pcs'),
	('HDD160', '2017-03-31 00:00:00', 0, NULL, 'pcs'),
	('HDD2000', '2017-03-31 00:00:00', 12, NULL, 'pcs'),
	('HDD250', '2017-03-31 00:00:00', 0, NULL, 'pcs'),
	('HDD500', '2017-03-31 00:00:00', 2, NULL, 'pcs'),
	('HDD80', '2017-03-31 00:00:00', 0, NULL, 'pcs'),
	('KYB', '2017-03-31 00:00:00', 1, NULL, 'pcs'),
	('LED15', '2017-03-31 00:00:00', 0, NULL, 'unit'),
	('MB1150', '2017-03-31 00:00:00', 1, NULL, 'pcs'),
	('MB1155', '2017-03-31 00:00:00', 0, NULL, 'pcs'),
	('MB775', '2017-03-31 00:00:00', 1, NULL, 'pcs'),
	('MOS', '2017-03-31 00:00:00', 5, NULL, 'pcs'),
	('PRC1', '2017-03-31 00:00:00', 1, NULL, 'pcs'),
	('PRC2', '2017-03-31 00:00:00', 1, NULL, 'pcs'),
	('PRC3', '2017-03-31 00:00:00', 1, NULL, 'pcs'),
	('PSU45', '2017-03-31 00:00:00', 5, NULL, 'pcs'),
	('PSU50', '2017-03-31 00:00:00', 0, NULL, 'pcs'),
	('WINXP', '2017-03-31 00:00:00', 20, NULL, 'cd'),
	('PSU45', '2017-03-31 00:00:00', 4, NULL, 'pcs'),
	('WI1', '2017-03-31 00:00:00', 2, NULL, 'pcs'),
	('HDD500', '2017-05-02 00:00:00', 1, NULL, 'pcs'),
	('PSU45', '2017-07-10 07:04:07', 4, NULL, 'pcs'),
	('MB1150', '2017-03-13 00:00:00', 0, NULL, 'pcs'),
	('DDR21', '2017-06-22 00:00:00', 0, NULL, 'pcs'),
	('PSU45', '2017-06-29 00:00:00', 3, NULL, 'pcs');


INSERT INTO `mstech` (`idtech`, `tech`, `remark`, `email`, `active`, `leader`) VALUES
	('IT1', 'IT support', 'IT & Support', 'it.vip001@gmail.com', 'Y', 'Achmad Gofur'),
	('IT2', 'IT Software & System', 'Software Development', 'opunk.janie@gmail.com', 'N', 'Hasanah'),
	('MN1', 'Maintenance Mesin', 'Maintenance Tehnik Mesin', 'maintenance@ipak.go.id', 'N', NULL);


INSERT INTO `msunit` (`idunit`, `unit`, `remark`) VALUES
	('pcs', 'Pieces', NULL),
	('set', 'Set', NULL),
	('unt', 'Unit', NULL);


INSERT INTO `opnamedt` (`noop`, `idpart`, `qty`, `idunit`) VALUES
	('OP/2017-03/0001', 'CSG', 5, 'pcs'),
	('OP/2017-03/0001', 'DDR21', 1, 'pcs'),
	('OP/2017-03/0001', 'DDR22', 1, 'pcs'),
	('OP/2017-03/0001', 'DDR31', 1, 'pcs'),
	('OP/2017-03/0001', 'DDR32', 0, 'pcs'),
	('OP/2017-03/0001', 'DDR34', 0, 'pcs'),
	('OP/2017-03/0001', 'HDD1000', 1, 'pcs'),
	('OP/2017-03/0001', 'HDD160', 0, 'pcs'),
	('OP/2017-03/0001', 'HDD2000', 12, 'pcs'),
	('OP/2017-03/0001', 'HDD250', 0, 'pcs'),
	('OP/2017-03/0001', 'HDD500', 2, 'pcs'),
	('OP/2017-03/0001', 'HDD80', 0, 'pcs'),
	('OP/2017-03/0001', 'KYB', 1, 'pcs'),
	('OP/2017-03/0001', 'LED15', 0, 'unit'),
	('OP/2017-03/0001', 'MB1150', 1, 'pcs'),
	('OP/2017-03/0001', 'MB1155', 0, 'pcs'),
	('OP/2017-03/0001', 'MB775', 1, 'pcs'),
	('OP/2017-03/0001', 'MOS', 5, 'pcs'),
	('OP/2017-03/0001', 'PRC1', 1, 'pcs'),
	('OP/2017-03/0001', 'PRC2', 1, 'pcs'),
	('OP/2017-03/0001', 'PRC3', 1, 'pcs'),
	('OP/2017-03/0001', 'PSU45', 5, 'pcs'),
	('OP/2017-03/0001', 'PSU50', 0, 'pcs'),
	('OP/2017-03/0001', 'WINXP', 20, 'cd');


INSERT INTO `opnamehd` (`noop`, `tanggal`, `keterangan`) VALUES
	('OP/2017-03/0001', '2017-03-31', '');


INSERT INTO `trgetpartdt` (`nogp`, `idpart`, `qty`, `idunit`, `remark`) VALUES
	('GPTOP/2017-02/0001', 'PSU45', 1, 'pcs', ''),
	('GPAGP/2017-05/0001', 'HDD500', 1, 'pcs', ''),
	('GPTOP/2017-07/0001', 'PSU45', 1, 'pcs', ''),
	('GPVIP/2017-03/0001', 'MB1150', 1, 'pcs', ''),
	('GPVIP/2017-06/0001', 'DDR21', 1, 'pcs', ''),
	('GPVIP/2017-06/0002', 'PSU45', 1, 'pcs', '');


INSERT INTO `trgetparthd` (`nogp`, `nowr`, `date`, `remark`) VALUES
	('GPAGP/2017-05/0001', 'WRIPAK/2017-05/0001', '2017-05-02', NULL),
	('GPTOP/2017-02/0001', 'WRIPAK/2017-02/0001', '2017-02-01', NULL),
	('GPTOP/2017-07/0001', 'WRIPAK/2017-07/0001', '2017-07-10', NULL),
	('GPVIP/2017-03/0001', 'WRVIP/2017-03/0001', '2017-03-13', NULL),
	('GPVIP/2017-06/0001', 'WRVIP/2017-06/0001', '2017-06-22', NULL),
	('GPVIP/2017-06/0002', 'WRVIP/2017-06/0002', '2017-06-24', NULL);


INSERT INTO `trprdt` (`nopr`, `idpart`, `qty`, `idunit`, `remark`) VALUES
	('PRVIP/2017-03/0001', 'MB1150', 1, 'pcs', '');


INSERT INTO `trprhd` (`nopr`, `nowr`, `tanggal`, `remark`, `status`) VALUES
	('PRVIP/2017-03/0001', 'WRVIP/2017-03/0001', '2017-03-13', '', 'O');


