INSERT INTO `mspart` (`idpart`, `part`, `remark`, `idtech`, `idunit`, `active`) VALUES
	('Mdm1', 'Modem', 'Modem Internet', 'IT1', 'pcs', 'Y'),
	('WI2', 'Wifi Router', 'Wifi Router', 'IT1', 'pcs', 'Y');


INSERT INTO `trwr` (`nowr`, `date`, `idcomputer`, `idtech`, `user`, `idcompany`, `iddivisi`, `signature`, `assign`, `issue`, `alasan`, `status`, `closedate`, `getpart`, `request`, `vendor`) VALUES
	('WRIPAK/2018-01/0001', '2018-01-03 09:20:12', 'server-sas', 'IT1', 'Rika', 'ipak', 'SAS', 'Timbul', 'gofur', 'Komputer Tidak Nyala', 'Kabel Power Kurang Pas', 'CO', '2018-01-03 10:10:19', '', NULL, NULL),
	('WRVIP/2018-01/0001', '2018-01-10 11:45:02', 'ppic-vip', 'IT1', 'Ani', 'vip', 'VIP', 'Basuki', 'gofur', 'PC Mati', 'Motherboard Error', 'CO', '2018-01-10 13:50:19', '', NULL, NULL),
	('WRVIP/2018-01/0002', '2018-01-12 08:20:01', 'lgt-vip', 'IT1', 'Eka', 'vip', 'VIP', 'Basuki', 'gofur', 'Jaringan Tidak Koneksi', 'Kabel LAN Trouble', 'CO', '2018-01-03 10:10:19', '', NULL, NULL),
	('WRIPAK/2018-01/0002', '2018-01-17 08:10:11', 'ppic-agp', 'IT1', 'Esra', 'ipak', 'AGP', 'Mulyono', 'gofur', 'Email Gagal', 'Driver Wifi Lan Corrupt', 'CO', '2018-01-17 09:30:12', '', NULL, NULL),
	('WRVIP/2018-01/0003', '2018-01-17 09:02:22', 'barhl-vip', 'IT1', 'Dian', 'vip', 'HELM', 'Triyono', 'gofur', 'CPU Sering Mati', 'Motherboard Mulai Error', 'CO', '2018-01-17 13:30:12', '', NULL, NULL),
	('WRIPAK/2018-01/0003', '2018-01-19 07:55:11', 'hrd-top', 'IT1', 'Endang', 'ipak', 'TOP', 'Dedy', 'gofur', 'Printer Tidak nyala', 'Kabel power printer kurang pas', 'CO', '2018-01-19 10:21:12', '', NULL, NULL),
	('WRIPAK/2018-01/0004', '2018-01-25 08:10:01', 'wh-sas', 'IT1', 'Azis', 'ipak', 'SAS', 'Timbul', 'gofur', 'Request Koneksi Jaringan', 'Jaringan Tidak Tersedia', 'CO', '2018-01-25 14:01:12', '', NULL, NULL),
	('WRVIP/2018-01/0004', '2018-01-30 10:50:30', 'wh2-vip', 'IT1', 'Isro', 'vip', 'VIP', 'Basuki', 'gofur', 'File Excell tidak bisa dibuka', 'Komputer kena Virus', 'CO', '2018-01-30 16:01:12', '', NULL, NULL),
	('WRVIP/2018-02/0001', '2018-02-01 09:50:30', 'svr-vip', 'IT1', 'Nela', 'vip', 'VIP', 'Basuki', 'gofur', 'Email Outlook Tidak bisa buka inbox', 'Koneksi Internet OFF', 'CO', '2018-02-01 16:01:12', '', NULL, NULL),
	('WRIPAK/2018-02/0001', '2018-02-08 08:40:51', 'lgt-sas', 'IT1', 'Nurmansyah', 'ipak', 'SAS', 'Timbul', 'gofur', 'Web Suzuki Tidak Terbuka', 'Internet Down', 'CO', '2018-02-08 14:01:12', '', 'IP/PR/IT-18/00007', NULL),
	('WRIPAK/2018-02/0002', '2018-02-13 09:12:51', 'lgt-sas', 'IT1', 'Nurmansyah', 'ipak', 'SAS', 'Timbul', 'gofur', 'Request Jaringan di Ruangan Baru', 'Wifi Belum tersedia', 'CO', '2018-02-13 13:51:12', 'GPIPAK/2018-02/0001', 'IP/PR/IT-18/00010', NULL),	
	('WRVIP/2018-02/0002', '2018-02-22 11:50:30', 'barhl-vip', 'IT1', 'Kiki', 'vip', 'HELM', 'Triono', 'gofur', 'Cpu Mati, bau terbakar', 'Motherboard Error', 'CO', '2018-02-22 16:23:12', 'GPVIP/2018-02/0001', 'VIP/PR/IT-18/00002', NULL),	
	('WRVIP/2018-03/0001', '2018-03-09 12:16:30', 'qaqc-vip', 'IT1', 'Edi', 'vip', 'VIP', 'Basuki', 'gofur', 'CPU Lambat', 'Memory Rendah', 'CO', '2018-03-09 16:13:12', 'GPVIP/2018-03/0001', NULL, NULL),
	('WRIPAK/2018-03/0001', '2018-03-13 08:22:21', 'lab1-agp', 'IT1', 'Lala', 'ipak', 'AGP', 'Mulyono', 'gofur', 'Program Lab tidak terbuka', 'Program Corrupt', 'CO', '2018-03-13 15:21:15', '', NULL, NULL),
	('WRVIP/2018-03/0002', '2018-03-19 8:35:10', 'dechl-vip', 'IT1', 'Nomi', 'vip', 'HELM', 'Triono', 'gofur', 'System Assembling tidak bisa print', 'Printer tidak terinstall', 'CO', '2018-03-09 16:13:12', '', NULL, NULL),
	('WRVIP/2018-03/0003', '2018-03-27 8:47:12', 'svr-vip', 'IT1', 'Nela', 'vip', 'VIP', 'Basuki', 'gofur', 'Data penuh', 'Harddisk penyimpanan kecil', 'CO', '2018-03-27 12:53:12', '', NULL, NULL),
	('WRIPAK/2018-03/0002', '2018-03-29 08:09:57', 'Mix-agp', 'IT1', 'Arifin', 'ipak', 'AGP', 'Mulyono', 'gofur', 'Data pada timbangan tidak sesuai', 'Socket ke alat timbangan tidak pas', 'CO', '2018-03-29 14:51:15', '', NULL, NULL),	
	('WRVIP/2018-04/0001', '2018-04-05 08:16:30', 'hrd-vip', 'IT1', 'Entin', 'vip', 'VIP', 'Basuki', 'gofur', 'Pindah Meja Kerja', 'Pindah Ruang dan Meja Kerja', 'CO', '2018-04-05 11:45:12', '', NULL, NULL),
	('WRIPAK/2018-04/0001', '2018-04-09 08:52:21', 'timbang-sas', 'IT1', 'Nurmansyah', 'ipak', 'IPAK', 'Timbul', 'gofur', 'Print timbangan gagal', 'Database kurang Setting', 'CO', '2018-04-09 12:21:15', '', NULL, NULL),
	('WRVIP/2018-04/0002', '2018-04-12 07:52:10', 'ppicinj-vip', 'IT1', 'Ani', 'vip', 'VIP', 'Basuki', 'gofur', 'CPU Mati', 'Motherboard Error', 'CO', '2018-04-12 09:35:12', 'GPVIP/2018-04/0001', 'VIP/PR/IT-18/00003', NULL),
	('WRVIP/2018-04/0003', '2018-04-23 08:02:40', 'ppicinj-vip', 'IT1', 'Ani', 'vip', 'VIP', 'Basuki', 'gofur', 'Schedule Baru', 'Rakit dan Setting CPU', 'CO', '2018-04-23 14:55:12', '', NULL, NULL),
	('WRIPAK/2018-04/0002', '2018-04-28 07:42:21', 'qa-sas', 'IT1', 'Indri', 'ipak', 'IPAK', 'Timbul', 'gofur', 'Request Scan Arsip', 'Pasang dan Setting Printer Scanner', 'CO', '2018-04-28 10:01:15', '', NULL, NULL),	
	('WRIPAK/2018-05/0001', '2018-05-03 08:11:45', 'ppic-sas', 'IT1', 'Diana', 'ipak', 'IPAK', 'Timbul', 'gofur', 'Share Printer dan Data Tidak Bisa', 'Wifi Usb Overheat', 'CO', '2018-05-03 10:31:15', '', NULL, NULL),	
	('WRVIP/2018-05/0001', '2018-05-04 11:53:10', 'ppichl-vip', 'IT1', 'Nela', 'vip', 'HELM', 'Triono', 'gofur', 'Line Telp Mati', 'Sambungan Kabel Putus', 'CO', '2018-05-04 15:21:17', '', NULL, NULL),
	('WRIPAK/2018-05/0002', '2018-05-09 08:01:25', 'adm-sas', 'IT1', 'Nita', 'ipak', 'IPAK', 'Timbul', 'gofur', 'Request Pindah Printer', 'Printer Pindah Meja dan di Share', 'CO', '2018-05-09 13:29:11', '', NULL, NULL),	
	('WRIPAK/2018-05/0003', '2018-05-15 08:37:15', 'svr-sas', 'IT1', 'Indri', 'ipak', 'IPAK', 'Timbul', 'gofur', 'Request Email Laporan Produksi', 'Email umum belum ada', 'CO', '2018-05-15 11:49:11', '', NULL, NULL),	
	('WRVIP/2018-05/0002', '2018-05-30 08:41:10', 'dsn2-vip', 'IT1', 'Weby', 'vip', 'VIP', 'Basuki', 'gofur', 'Tidak bisa email', 'Jaringan Belum Tersedia', 'CO', '2018-05-30 14:19:17', '', NULL, NULL),
	('WRVIP/2018-06/0001', '2018-06-05 09:13:30', 'asshl-vip', 'IT1', 'Muti', 'vip', 'HELM', 'Triono', 'gofur', 'Req Line Telp', 'Sambungan kabel telp belum tersedia', 'CO', '2018-06-05 15:29:12', '', NULL, NULL),
	('WRIPAK/2018-06/0001', '2018-06-07 08:12:21', 'wifi2-sas', 'IT1', 'Indri', 'ipak', 'IPAK', 'Timbul', 'gofur', 'Internet wifi error', 'Wifi Overheat', 'CO', '2018-06-07 09:10:15', '', NULL, NULL),
	('WRVIP/2018-06/0002', '2018-06-11 08:02:10', 'svr-vip', 'IT1', 'Ani', 'vip', 'VIP', 'Basuki', 'gofur', 'Request Cek Backup Data', 'Backup Data Belum Update', 'CO', '2018-06-11 15:29:12', '', NULL, NULL),
	('WRIPAK/2018-06/0002', '2018-06-12 11:52:21', 'svr-sas', 'IT1', 'Indri', 'ipak', 'IPAK', 'Timbul', 'gofur', 'Request Cek Backup Data', 'Backup Data Belum Update', 'CO', '2018-06-12 09:10:15', '', NULL, NULL),
	('WRIPAK/2018-07/0001', '2018-07-12 08:12:21', 'svr-sas', 'IT1', 'Gofur', 'ipak', 'IPAK', 'Timbul', 'gofur', 'Ambil Backup Data', 'Data Backup Belum Di Simpan', 'CO', '2018-07-12 12:38:15', '', NULL, NULL),
	('WRVIP/2018-07/0001', '2018-07-14 07:55:30', 'svr-vip', 'IT1', 'Gofur', 'vip', 'VIP', 'Basuki', 'gofur', 'Ambil Backup Data', 'Data Backup Belum Di Simpan', 'CO', '2018-07-14 12:46:12', '', NULL, NULL),
	('WRIPAK/2018-07/0002', '2018-07-18 10:43:21', 'prod-sas', 'IT1', 'Diana', 'ipak', 'IPAK', 'Timbul', 'gofur', 'Printer tidak bisa', 'Koneksi Jaringan / Share Gagal', 'CO', '2018-07-18 15:38:15', '', NULL, NULL),
	('WRVIP/2018-07/0002', '2018-07-31 9:49:20', 'wh2-vip', 'IT1', 'Gofur', 'vip', 'VIP', 'Basuki', 'gofur', 'Tidak bisa print jaringan', 'Koneksi Jaringan / Share Gagal', 'CO', '2018-07-31 14:21:12', '', NULL, NULL);

INSERT INTO `wrschedule` (`nowr`, `date`, `idcompany`, `iddivisi`, `schedule`) VALUES
	('WRIPAK/2018-01/0001', '2018-01-03', 'ipak', 'SAS', 1),
	('WRVIP/2018-01/0001', '2018-01-10', 'vip', 'VIP', 1),
	('WRVIP/2018-01/0002', '2018-01-12', 'vip', 'VIP', 1),
	('WRIPAK/2018-01/0002', '2018-01-17', 'ipak', 'AGP', 1),
	('WRVIP/2018-01/0003', '2018-01-17', 'vip', 'HELM', 1),
	('WRIPAK/2018-01/0003', '2018-01-19', 'ipak', 'TOP', 1),
	('WRIPAK/2018-01/0004', '2018-01-25', 'ipak', 'SAS', 1),
	('WRVIP/2018-01/0004', '2018-01-30', 'vip', 'VIP', 1),
	('WRVIP/2018-02/0001', '2018-02-01', 'vip', 'HELM', 1),
	('WRIPAK/2018-02/0001', '2018-02-08', 'ipak', 'SAS', 1),
	('WRIPAK/2018-02/0002', '2018-02-13', 'ipak', 'SAS', 1),
	('WRVIP/2018-02/0002', '2018-02-22', 'vip', 'HELM', 1),
	('WRVIP/2018-03/0001', '2018-03-09', 'vip', 'VIP', 1),
	('WRIPAK/2018-03/0001', '2018-03-13', 'ipak', 'AGP', 1),
	('WRVIP/2018-03/0002', '2018-03-19', 'vip', 'HELM', 1),
	('WRVIP/2018-03/0003', '2018-03-27', 'vip', 'VIP', 1),
	('WRIPAK/2018-03/0002', '2018-03-29', 'ipak', 'AGP', 1),
	('WRVIP/2018-04/0001', '2018-04-05', 'vip', 'VIP', 1),
	('WRIPAK/2018-04/0001', '2018-04-09', 'ipak', 'SAS', 1),
	('WRVIP/2018-04/0002', '2018-04-12', 'vip', 'VIP', 1),	
	('WRVIP/2018-04/0003', '2018-04-23', 'vip', 'VIP', 1),
	('WRIPAK/2018-04/0002', '2018-04-28', 'ipak', 'SAS', 1),
	('WRIPAK/2018-05/0001', '2018-05-03', 'ipak', 'SAS', 1),
	('WRVIP/2018-05/0001', '2018-05-04', 'vip', 'HELM', 1),
	('WRIPAK/2018-05/0002', '2018-05-09', 'ipak', 'SAS', 1),
	('WRIPAK/2018-05/0003', '2018-05-15', 'ipak', 'SAS', 1),
	('WRVIP/2018-05/0002', '2018-05-30', 'vip', 'VIP', 1),
	('WRVIP/2018-06/0001', '2018-06-05', 'vip', 'HELM', 1),
	('WRIPAK/2018-06/0001', '2018-06-07', 'ipak', 'SAS', 1),
	('WRVIP/2018-06/0002', '2018-06-11', 'vip', 'VIP', 1),
	('WRIPAK/2018-06/0002', '2018-06-12', 'ipak', 'SAS', 1),
	('WRIPAK/2018-07/0001', '2018-07-12', 'ipak', 'SAS', 1),
	('WRVIP/2018-07/0001', '2018-07-14', 'vip', 'VIP', 1),
	('WRIPAK/2018-07/0002', '2018-07-18', 'ipak', 'SAS', 1),
	('WRVIP/2018-07/0002', '2018-07-31', 'ipak', 'SAS', 1);

INSERT INTO `actionwr` (`nowr`, `actiondate`, `action`, `close`, `schedule`) VALUES
	('WRIPAK/2018-01/0001',  '2018-01-03', 'Lepas kabel power dan pasang kembali', 'Y', 1),
	('WRVIP/2018-01/0001',  '2018-01-10', 'Cek Matherboard, Kemudian Install Ulang', 'Y', 1),
	('WRVIP/2018-01/0002', '2018-01-12', 'Tarik Ulang kabel jaringan', 'Y', 1),
	('WRIPAK/2018-01/0002', '2018-01-17', 'Re Install Driver Wifi LAN', 'Y', 1),
	('WRVIP/2018-01/0003', '2018-01-17', 'Cek Kondisi Motherboard, kemudian bersihkan CPU', 'Y', 1),
	('WRIPAK/2018-01/0003', '2018-01-19', 'Lepas kabel power dan dipasang kembli', 'Y', 1),
	('WRIPAK/2018-01/0004', '2018-01-25', 'Pasang Wifi enxtender untuk sinyal ke gudang', 'Y', 1),
	('WRVIP/2018-01/0004', '2018-01-30', 'Backup Data, Kemudian Install ulang Windows dan antivirus terbaru', 'Y', 1),
	('WRVIP/2018-02/0001', '2018-02-01', 'Cek internet provider yang terpasang', 'Y', 1),
	('WRIPAK/2018-02/0001', '2018-02-08', 'Tunggu Sinyal Provider ON Kembali', 'Y', 1),
	('WRIPAK/2018-02/0002', '2018-02-13', 'Tarik Kabel dan pasang wifi untuk ruang logistik baru', 'Y', 1),
	('WRVIP/2018-02/0002', '2018-02-22', 'Ganti Motherboard Baru', 'Y', 1),
	('WRVIP/2018-03/0001', '2018-03-09', 'Upgrade RAM', 'Y', 1),
	('WRIPAK/2018-03/0001', '2018-03-13', 'Uninstall Program, kemudian Install Ulang', 'Y', 1),
	('WRVIP/2018-03/0002', '2018-03-19', 'Koneksikan dengan printer share', 'Y', 1),
	('WRVIP/2018-03/0003', '2018-03-27', 'Ganti Harddisk 500Gb', 'Y', 1),
	('WRIPAK/2018-03/0002', '2018-03-29', 'Lepas Kabel ke mesin, dan pasang kembali', 'Y', 1),
	('WRVIP/2018-04/0001', '2018-04-05', 'Setting Komputer dan Jaringan di Meja baru', 'Y', 1),
	('WRIPAK/2018-04/0001', '2018-04-09', 'Repair Database Timbangan', 'Y', 1),
	('WRVIP/2018-04/0002', '2018-04-12', 'Ganti Motherboard Set Baru', 'Y', 1),	
	('WRVIP/2018-04/0003', '2018-04-23', 'Setting Ulang Instalasi', 'Y', 1),
	('WRIPAK/2018-04/0002', '2018-04-28', 'Install Driver Printer Scan, dan Share data Scan', 'Y', 1),
	('WRIPAK/2018-05/0001', '2018-05-03', 'Wifi Router OFF, Nyalakan setelah 3 menit', 'Y', 1),
	('WRVIP/2018-05/0001', '2018-05-04', 'Fix kabel yg putus / lepas', 'Y', 1),
	('WRIPAK/2018-05/0002', '2018-05-09', 'Install, Setting dan Share Printer ke CPU Server ', 'Y', 1),
	('WRIPAK/2018-05/0003', '2018-05-15', 'Create Email Baru untuk Laporan', 'Y', 1),
	('WRVIP/2018-05/0002', '2018-05-30', 'Pasang kabel untuk jaringan LAN', 'Y', 1),
	('WRVIP/2018-06/0001', '2018-06-05', 'Tarik Kabel Telp', 'Y', 1),
	('WRIPAK/2018-06/0001', '2018-06-07', 'Restart Wifi Router', 'Y', 1),
	('WRVIP/2018-06/0002', '2018-06-11', 'Backup dan Memastikan Data Pabrik', 'Y', 1),
	('WRIPAK/2018-06/0002', '2018-06-12', 'Backup dan Memastikan Data Pabrik', 'Y', 1),
	('WRIPAK/2018-07/0001', '2018-07-12', 'Data Backup pindah ke Penyimpanan Eksternal', 'Y', 1),
	('WRVIP/2018-07/0001', '2018-07-14', 'Data Backup pindah ke Penyimpanan Eksternal', 'Y', 1),
	('WRIPAK/2018-07/0002', '2018-07-18', 'Cabut Wifi LAN, kemudian pasang kembali', 'Y', 1),
	('WRVIP/2018-07/0002', '2018-07-31', 'Restart CPU Server dan Cek Koneksi', 'Y', 1);

INSERT INTO `opnamehd` (`noop`, `tanggal`, `keterangan`) VALUES
	('OP/2017-12/0001', '2017-12-31', 'Opname 2017');

INSERT INTO `opnamedt` (`noop`, `idpart`, `qty`, `idunit`) VALUES
	('OP/2017-03/0001', 'CSG', 5, 'pcs'),
	('OP/2017-03/0001', 'DDR21', 1, 'pcs'),
	('OP/2017-03/0001', 'DDR22', 1, 'pcs'),
	('OP/2017-03/0001', 'DDR31', 1, 'pcs'),
	('OP/2017-03/0001', 'DDR32', 0, 'pcs'),
	('OP/2017-03/0001', 'DDR34', 0, 'pcs'),
	('OP/2017-03/0001', 'HDD1000', 1, 'pcs'),
	('OP/2017-03/0001', 'HDD160', 0, 'pcs'),
	('OP/2017-03/0001', 'HDD2000', 12, 'pcs'),
	('OP/2017-03/0001', 'HDD250', 0, 'pcs'),
	('OP/2017-03/0001', 'HDD500', 2, 'pcs'),
	('OP/2017-03/0001', 'HDD80', 0, 'pcs'),
	('OP/2017-03/0001', 'KYB', 1, 'pcs'),
	('OP/2017-03/0001', 'LED15', 0, 'unit'),
	('OP/2017-03/0001', 'MB1150', 1, 'pcs'),
	('OP/2017-03/0001', 'MB1155', 0, 'pcs'),
	('OP/2017-03/0001', 'MB775', 1, 'pcs'),
	('OP/2017-03/0001', 'MOS', 5, 'pcs'),
	('OP/2017-03/0001', 'PRC1', 1, 'pcs'),
	('OP/2017-03/0001', 'PRC2', 1, 'pcs'),
	('OP/2017-03/0001', 'PRC3', 1, 'pcs'),
	('OP/2017-03/0001', 'PSU45', 5, 'pcs'),
	('OP/2017-03/0001', 'PSU50', 0, 'pcs'),
	('OP/2017-03/0001', 'WINXP', 20, 'cd'),
	('OP/2017-12/0001', 'CSG', 2, 'pcs'),
	('OP/2017-12/0001', 'DDR21', 1, 'pcs'),
	('OP/2017-12/0001', 'DDR22', 1, 'pcs'),
	('OP/2017-12/0001', 'DDR31', 1, 'pcs'),
	('OP/2017-12/0001', 'DDR32', 2, 'pcs'),
	('OP/2017-12/0001', 'DDR34', 1, 'pcs'),
	('OP/2017-12/0001', 'HDD1000', 1, 'pcs'),
	('OP/2017-12/0001', 'HDD160', 0, 'pcs'),
	('OP/2017-12/0001', 'HDD2000', 12, 'pcs'),
	('OP/2017-12/0001', 'HDD250', 0, 'pcs'),
	('OP/2017-12/0001', 'HDD500', 2, 'pcs'),
	('OP/2017-12/0001', 'HDD80', 0, 'pcs'),
	('OP/2017-12/0001', 'KYB', 2, 'pcs'),
	('OP/2017-12/0001', 'LED15', 2, 'unit'),
	('OP/2017-12/0001', 'MB1150', 1, 'pcs'),
	('OP/2017-12/0001', 'MB1155', 0, 'pcs'),
	('OP/2017-12/0001', 'MB775', 1, 'pcs'),
	('OP/2017-12/0001', 'MOS', 5, 'pcs'),
	('OP/2017-12/0001', 'PRC1', 1, 'pcs'),
	('OP/2017-12/0001', 'PRC2', 2, 'pcs'),
	('OP/2017-12/0001', 'PRC3', 2, 'pcs'),
	('OP/2017-12/0001', 'PSU45', 4, 'pcs'),
	('OP/2017-12/0001', 'PSU50', 0, 'pcs'),
	('OP/2017-12/0001', 'WI1', 2, 'pcs'),
	('OP/2017-12/0001', 'WI2', 2, 'pcs'),
	('OP/2017-12/0001', 'Mdm1', 2, 'pcs'),
	('OP/2017-12/0001', 'WINXP', 20, 'cd');


INSERT INTO `trprhd` (`nopr`, `nowr`, `tanggal`, `remark`, `status`) VALUES
	('IP/PR/IT-18/00007', 'WRIPAK/2018-02/0001', '2018-02-08', '', 'O'),
	('IP/PR/IT-18/00010', 'WRIPAK/2018-02/0002', '2018-02-13', '', 'O'),
	('VIP/PR/IT-18/00002', 'WRVIP/2018-02/0002', '2018-02-22', '', 'O'),
	('VIP/PR/IT-18/00003', 'WRVIP/2018-04/0002', '2018-04-12', '', 'O');


INSERT INTO `trprdt` (`nopr`, `idpart`, `qty`, `idunit`, `remark`) VALUES
	('IP/PR/IT-18/00007', 'WI2', 1, 'pcs', ''),
	('IP/PR/IT-18/00010', 'Mdm1', 1, 'pcs', ''),
	('IP/PR/IT-18/00010', 'WI1', 1, 'pcs', ''),
	('VIP/PR/IT-18/00002', 'MB1150', 1, 'pcs', ''),
	('VIP/PR/IT-18/00002', 'PRC2', 1, 'pcs', ''),
	('VIP/PR/IT-18/00002', 'DDR32', 2, 'pcs', ''),
	('VIP/PR/IT-18/00003', 'MB1150', 1, 'pcs', ''),
	('VIP/PR/IT-18/00003', 'PRC2', 1, 'pcs', ''),
	('VIP/PR/IT-18/00003', 'DDR32', 2, 'pcs', '');


INSERT INTO `trrrhd` (`norr`, `nopr`, `tanggal`, `remark`) VALUES
	('RRIPAK/18-02/00001', 'IP/PR/IT-18/00007', '2018-02-08', ''),
	('RRIPAK/18-02/00002', 'IP/PR/IT-18/00010', '2018-02-13', ''),
	('RRVIP/18-02/00001', 'VIP/PR/IT-18/00002', '2018-02-22', ''),
	('RRVIP/18-04/00001', 'WRVIP/2018-04/0002', '2018-04-12', '');


INSERT INTO `trrrdt` (`norr`, `idpart`, `qty`, `idunit`) VALUES
	('RRVIP/18-04/00001', 'MB1150', 1, 'Pcs'),
	('RRVIP/18-02/00001', 'DDR32', 2, 'Pcs'),
	('RRVIP/18-02/00001', 'PRC2', 1, 'Pcs'),
	('RRVIP/18-04/00001', 'PRC2', 1, 'Pcs'),
	('RRVIP/18-04/00001', 'DDR32', 2, 'Pcs'),
	('RRVIP/18-02/00001', 'MB1150', 1, 'Pcs'),
	('RRIPAK/18-02/00001', 'WI2', 1, 'Pcs'),
	('RRIPAK/18-02/00002', 'Mdm1', 1, 'Pcs'),
	('RRIPAK/18-02/00002', 'WI1', 1, 'Pcs');


INSERT INTO `trgetparthd` (`nogp`, `nowr`, `date`, `remark`) VALUES
	('GPIPAK/2018-02/0001', 'WRIPAK/2018-02/0002', '2018-02-13', NULL),
	('GPVIP/2018-02/0001', 'WRVIP/2018-02/0001', '2018-02-22', NULL),
	('GPVIP/2018-03/0001', 'WRVIP/2018-03/0001', '2018-03-18', NULL),
	('GPVIP/2018-03/0002', 'WRVIP/2018-03/0003', '2018-03-27', NULL),
	('GPVIP/2018-04/0001', 'WRVIP/2018-04/0002', '2018-04-12', NULL);



INSERT INTO `trgetpartdt` (`nogp`, `idpart`, `qty`, `idunit`, `remark`) VALUES
	('GPIPAK/2018-02/0001', 'Mdm1', 1, 'pcs', ''),
	('GPIPAK/2018-02/0001', 'WI2', 1, 'pcs', ''),
	('GPVIP/2018-02/0001', 'MB1150', 1, 'pcs', ''),
	('GPVIP/2018-02/0001', 'PRC2', 1, 'pcs', ''),
	('GPVIP/2018-02/0001', 'DDR32', 2, 'pcs', ''),
	('GPVIP/2018-03/0001', 'DDR31', 1, 'pcs', ''),
	('GPVIP/2018-03/0002', 'HDD500', 1, 'pcs', ''),
	('GPVIP/2018-04/0001', 'MB1150', 1, 'pcs', ''),
	('GPVIP/2018-04/0001', 'PRC2', 1, 'pcs', ''),
	('GPVIP/2018-04/0001', 'DDR32', 2, 'pcs', '');


INSERT INTO `mspartstock` (`idpart`, `date`, `stock`, `idcompany`, `idunit`) VALUES
	('CSG', '2017-03-31 00:00:00', 5, NULL, 'pcs'),
	('DDR21', '2017-03-31 00:00:00', 1, NULL, 'pcs'),
	('DDR22', '2017-03-31 00:00:00', 1, NULL, 'pcs'),
	('DDR31', '2017-03-31 00:00:00', 1, NULL, 'pcs'),
	('DDR32', '2017-03-31 00:00:00', 0, NULL, 'pcs'),
	('DDR34', '2017-03-31 00:00:00', 0, NULL, 'pcs'),
	('HDD1000', '2017-03-31 00:00:00', 1, NULL, 'pcs'),
	('HDD160', '2017-03-31 00:00:00', 0, NULL, 'pcs'),
	('HDD2000', '2017-03-31 00:00:00', 12, NULL, 'pcs'),
	('HDD250', '2017-03-31 00:00:00', 0, NULL, 'pcs'),
	('HDD500', '2017-03-31 00:00:00', 2, NULL, 'pcs'),
	('HDD80', '2017-03-31 00:00:00', 0, NULL, 'pcs'),
	('KYB', '2017-03-31 00:00:00', 1, NULL, 'pcs'),
	('LED15', '2017-03-31 00:00:00', 0, NULL, 'unit'),
	('MB1150', '2017-03-31 00:00:00', 1, NULL, 'pcs'),
	('MB1155', '2017-03-31 00:00:00', 0, NULL, 'pcs'),
	('MB775', '2017-03-31 00:00:00', 1, NULL, 'pcs'),
	('MOS', '2017-03-31 00:00:00', 5, NULL, 'pcs'),
	('PRC1', '2017-03-31 00:00:00', 1, NULL, 'pcs'),
	('PRC2', '2017-03-31 00:00:00', 1, NULL, 'pcs'),
	('PRC3', '2017-03-31 00:00:00', 1, NULL, 'pcs'),
	('PSU45', '2017-03-31 00:00:00', 5, NULL, 'pcs'),
	('PSU50', '2017-03-31 00:00:00', 0, NULL, 'pcs'),
	('WINXP', '2017-03-31 00:00:00', 20, NULL, 'cd'),
	('PSU45', '2017-03-31 00:00:00', 4, NULL, 'pcs'),
	('WI1', '2017-03-31 00:00:00', 2, NULL, 'pcs'),
	('WI2', '2017-03-31 00:00:00', 2, NULL, 'pcs'),
	('Mdm1', '2017-03-31 00:00:00', 2, NULL, 'pcs'),
	('WI2', '2018-02-08 00:00:00', 3, NULL, 'pcs'),
	('Mdm1', '2018-02-13 00:00:00', 1, NULL, 'pcs'),
	('Mdm1', '2018-02-13 00:00:00', 2, NULL, 'pcs'),
	('WI2', '2018-02-13 00:00:00', 2, NULL, 'pcs'),
	('WI1', '2017-02-13 00:00:00', 3, NULL, 'pcs'),
	('DDR31', '2018-02-22 00:00:00', 0, NULL, 'pcs'),
	('MB1150', '2018-02-22 00:00:00', 2, NULL, 'pcs'),
	('PRC2', '2018-02-22 00:00:00', 2, NULL, 'pcs'),
	('DDR32', '2018-02-22 00:00:00', 2, NULL, 'pcs'),
	('MB1150', '2018-02-22 13:00:00', 1, NULL, 'pcs'),
	('PRC2', '2018-02-22 13:00:00', 1, NULL, 'pcs'),
	('DDR32', '2018-02-22 13:00:00', 0, NULL, 'pcs'),
	('HDD500', '2018-03-27 00:00:00', 1, NULL, 'pcs'),
	('MB1150', '2018-04-12 00:00:00', 2, NULL, 'pcs'),
	('PRC2', '2018-04-12 00:00:00', 2, NULL, 'pcs'),
	('DDR32', '2018-04-12 00:00:00', 2, NULL, 'pcs'),
	('MB1150', '2018-04-12 13:00:00', 1, NULL, 'pcs'),
	('PRC2', '2018-04-12 13:00:00', 1, NULL, 'pcs'),
	('DDR32', '2018-04-12 13:00:00', 0, NULL, 'pcs');