INSERT INTO `changedt` (`nocp`, `idpart`, `qty`, `idunit`) VALUES
	('CP/2017-04/0001', 'DDR22', 0, 'pcs'),
	('CP/2017-04/0001', 'DDR31', 0, 'pcs'),
	('CP/2017-04/0001', 'DDR32', 0, 'pcs'),
	('CP/2017-04/0001', 'DDR34', 0, 'pcs'),
	('CP/2017-04/0001', 'HDD1000', 0, 'pcs'),
	('CP/2017-04/0001', 'HDD160', 0, 'pcs'),
	('CP/2017-04/0001', 'HDD2000', 0, 'pcs'),
	('CP/2017-04/0001', 'HDD250', 0, 'pcs'),
	('CP/2017-04/0001', 'HDD500', 0, 'pcs'),
	('CP/2017-04/0001', 'MB1150', 0, 'pcs'),
	('CP/2017-04/0001', 'MB1155', 0, 'pcs'),
	('CP/2017-04/0001', 'MB775', 0, 'pcs'),
	('CP/2017-04/0001', 'PRC2', 0, 'pcs'),
	('CP/2017-04/0001', 'PRC3', 0, 'pcs'),
	('CP/2017-04/0001', 'PSU50', 0, 'pcs'),
	('CP/2017-04/0001', 'WINXP', 0, 'cd'),
	('CP/2017-04/0001', 'DDR22', 0, 'pcs'),
	('CP/2017-04/0001', 'DDR31', 0, 'pcs'),
	('CP/2017-04/0001', 'DDR32', 0, 'pcs'),
	('CP/2017-04/0001', 'DDR34', 0, 'pcs'),
	('CP/2017-04/0001', 'HDD1000', 0, 'pcs'),
	('CP/2017-04/0001', 'HDD160', 0, 'pcs'),
	('CP/2017-04/0001', 'HDD2000', 0, 'pcs'),
	('CP/2017-04/0001', 'HDD250', 0, 'pcs'),
	('CP/2017-04/0001', 'HDD500', 0, 'pcs'),
	('CP/2017-04/0001', 'MB1150', 0, 'pcs'),
	('CP/2017-04/0001', 'MB1155', 0, 'pcs'),
	('CP/2017-04/0001', 'MB775', 0, 'pcs'),
	('CP/2017-04/0001', 'PRC2', 0, 'pcs'),
	('CP/2017-04/0001', 'PRC3', 0, 'pcs'),
	('CP/2017-04/0001', 'PSU50', 0, 'pcs'),
	('CP/2017-04/0001', 'WINXP', 0, 'cd');


INSERT INTO `changehd` (`nocp`, `tanggal`, `idcomputer`, `keterangan`) VALUES
	('CP/2017-04/0001', '2017-04-27', '', ''),
	('CP/2017-04/0001', '2017-04-27', '', '');


INSERT INTO `mspartstock` (`idpart`, `date`, `stock`, `idcompany`, `idunit`) VALUES
	('CSG', '2017-03-31 00:00:00', 5, NULL, 'pcs'),
	('DDR21', '2017-03-31 00:00:00', 1, NULL, 'pcs'),
	('DDR22', '2017-03-31 00:00:00', 1, NULL, 'pcs'),
	('DDR31', '2017-03-31 00:00:00', 1, NULL, 'pcs'),
	('DDR32', '2017-03-31 00:00:00', 0, NULL, 'pcs'),
	('DDR34', '2017-03-31 00:00:00', 0, NULL, 'pcs'),
	('HDD1000', '2017-03-31 00:00:00', 1, NULL, 'pcs'),
	('HDD160', '2017-03-31 00:00:00', 0, NULL, 'pcs'),
	('HDD2000', '2017-03-31 00:00:00', 12, NULL, 'pcs'),
	('HDD250', '2017-03-31 00:00:00', 0, NULL, 'pcs'),
	('HDD500', '2017-03-31 00:00:00', 2, NULL, 'pcs'),
	('HDD80', '2017-03-31 00:00:00', 0, NULL, 'pcs'),
	('KYB', '2017-03-31 00:00:00', 1, NULL, 'pcs'),
	('LED15', '2017-03-31 00:00:00', 0, NULL, 'unit'),
	('MB1150', '2017-03-31 00:00:00', 1, NULL, 'pcs'),
	('MB1155', '2017-03-31 00:00:00', 0, NULL, 'pcs'),
	('MB775', '2017-03-31 00:00:00', 1, NULL, 'pcs'),
	('MOS', '2017-03-31 00:00:00', 5, NULL, 'pcs'),
	('PRC1', '2017-03-31 00:00:00', 1, NULL, 'pcs'),
	('PRC2', '2017-03-31 00:00:00', 1, NULL, 'pcs'),
	('PRC3', '2017-03-31 00:00:00', 1, NULL, 'pcs'),
	('PSU45', '2017-03-31 00:00:00', 5, NULL, 'pcs'),
	('PSU50', '2017-03-31 00:00:00', 0, NULL, 'pcs'),
	('WINXP', '2017-03-31 00:00:00', 20, NULL, 'cd'),
	('PSU45', '2017-03-31 00:00:00', 4, NULL, 'pcs'),
	('WI1', '2017-03-31 00:00:00', 2, NULL, 'pcs'),
	('WI2', '2017-03-31 00:00:00', 2, NULL, 'pcs'),
	('mdm1', '2017-03-31 00:00:00', 2, NULL, 'pcs');


INSERT INTO `opnamedt` (`noop`, `idpart`, `qty`, `idunit`) VALUES
	('OP/2017-03/0001', 'CSG', 5, 'pcs'),
	('OP/2017-03/0001', 'DDR21', 1, 'pcs'),
	('OP/2017-03/0001', 'DDR22', 1, 'pcs'),
	('OP/2017-03/0001', 'DDR31', 1, 'pcs'),
	('OP/2017-03/0001', 'DDR32', 0, 'pcs'),
	('OP/2017-03/0001', 'DDR34', 0, 'pcs'),
	('OP/2017-03/0001', 'HDD1000', 1, 'pcs'),
	('OP/2017-03/0001', 'HDD160', 0, 'pcs'),
	('OP/2017-03/0001', 'HDD2000', 12, 'pcs'),
	('OP/2017-03/0001', 'HDD250', 0, 'pcs'),
	('OP/2017-03/0001', 'HDD500', 2, 'pcs'),
	('OP/2017-03/0001', 'HDD80', 0, 'pcs'),
	('OP/2017-03/0001', 'KYB', 1, 'pcs'),
	('OP/2017-03/0001', 'LED15', 0, 'unit'),
	('OP/2017-03/0001', 'MB1150', 1, 'pcs'),
	('OP/2017-03/0001', 'MB1155', 0, 'pcs'),
	('OP/2017-03/0001', 'MB775', 1, 'pcs'),
	('OP/2017-03/0001', 'MOS', 5, 'pcs'),
	('OP/2017-03/0001', 'PRC1', 1, 'pcs'),
	('OP/2017-03/0001', 'PRC2', 1, 'pcs'),
	('OP/2017-03/0001', 'PRC3', 1, 'pcs'),
	('OP/2017-03/0001', 'PSU45', 5, 'pcs'),
	('OP/2017-03/0001', 'PSU50', 0, 'pcs'),
	('OP/2017-03/0001', 'WINXP', 20, 'cd'),
	('OP/2017-12/0001', 'CSG', 2, 'pcs'),
	('OP/2017-12/0001', 'DDR21', 1, 'pcs'),
	('OP/2017-12/0001', 'DDR22', 1, 'pcs'),
	('OP/2017-12/0001', 'DDR31', 1, 'pcs'),
	('OP/2017-12/0001', 'DDR32', 2, 'pcs'),
	('OP/2017-12/0001', 'DDR34', 1, 'pcs'),
	('OP/2017-12/0001', 'HDD1000', 1, 'pcs'),
	('OP/2017-12/0001', 'HDD160', 0, 'pcs'),
	('OP/2017-12/0001', 'HDD2000', 12, 'pcs'),
	('OP/2017-12/0001', 'HDD250', 0, 'pcs'),
	('OP/2017-12/0001', 'HDD500', 2, 'pcs'),
	('OP/2017-12/0001', 'HDD80', 0, 'pcs'),
	('OP/2017-12/0001', 'KYB', 2, 'pcs'),
	('OP/2017-12/0001', 'LED15', 2, 'unit'),
	('OP/2017-12/0001', 'MB1150', 1, 'pcs'),
	('OP/2017-12/0001', 'MB1155', 0, 'pcs'),
	('OP/2017-12/0001', 'MB775', 1, 'pcs'),
	('OP/2017-12/0001', 'MOS', 5, 'pcs'),
	('OP/2017-12/0001', 'PRC1', 1, 'pcs'),
	('OP/2017-12/0001', 'PRC2', 2, 'pcs'),
	('OP/2017-12/0001', 'PRC3', 2, 'pcs'),
	('OP/2017-12/0001', 'PSU45', 4, 'pcs'),
	('OP/2017-12/0001', 'PSU50', 0, 'pcs'),
	('OP/2017-12/0001', 'WI1', 2, 'pcs'),
	('OP/2017-12/0001', 'WI2', 2, 'pcs'),
	('OP/2017-12/0001', 'Mdm1', 2, 'pcs'),
	('OP/2017-12/0001', 'WINXP', 20, 'cd');
/*!40000 ALTER TABLE `opnamedt` ENABLE KEYS */;

-- Dumping data for table iso.opnamehd: ~0 rows (approximately)
/*!40000 ALTER TABLE `opnamehd` DISABLE KEYS */;
INSERT INTO `opnamehd` (`noop`, `tanggal`, `keterangan`) VALUES
	('OP/2017-03/0001', '2017-03-31', ''),
	('OP/2017-12/0001', '2017-12-31', 'Opname 2017');
/*!40000 ALTER TABLE `opnamehd` ENABLE KEYS */;

-- Dumping data for table iso.trgetpartdt: ~6 rows (approximately)
/*!40000 ALTER TABLE `trgetpartdt` DISABLE KEYS */;
INSERT INTO `trgetpartdt` (`nogp`, `idpart`, `qty`, `idunit`, `remark`) VALUES
	('GPTOP/2017-02/0001', 'PSU45', 1, 'pcs', ''),
	('GPAGP/2017-05/0001', 'HDD500', 1, 'pcs', ''),
	('GPTOP/2017-07/0001', 'PSU45', 1, 'pcs', ''),
	('GPVIP/2017-03/0001', 'MB1150', 1, 'pcs', ''),
	('GPVIP/2017-06/0001', 'DDR21', 1, 'pcs', ''),
	('GPVIP/2017-06/0002', 'PSU45', 1, 'pcs', '');
/*!40000 ALTER TABLE `trgetpartdt` ENABLE KEYS */;

-- Dumping data for table iso.trgetpartdt2: ~0 rows (approximately)
/*!40000 ALTER TABLE `trgetpartdt2` DISABLE KEYS */;
/*!40000 ALTER TABLE `trgetpartdt2` ENABLE KEYS */;

-- Dumping data for table iso.trgetparthd: ~6 rows (approximately)
/*!40000 ALTER TABLE `trgetparthd` DISABLE KEYS */;
INSERT INTO `trgetparthd` (`nogp`, `nowr`, `date`, `remark`) VALUES
	('GPAGP/2017-05/0001', 'WRIPAK/2017-05/0001', '2017-05-02', NULL),
	('GPTOP/2017-02/0001', 'WRIPAK/2017-02/0001', '2017-02-01', NULL),
	('GPTOP/2017-07/0001', 'WRIPAK/2017-07/0001', '2017-07-10', NULL),
	('GPVIP/2017-03/0001', 'WRVIP/2017-03/0001', '2017-03-13', NULL),
	('GPVIP/2017-06/0001', 'WRVIP/2017-06/0001', '2017-06-22', NULL),
	('GPVIP/2017-06/0002', 'WRVIP/2017-06/0002', '2017-06-24', NULL);
/*!40000 ALTER TABLE `trgetparthd` ENABLE KEYS */;

-- Dumping data for table iso.trprdt: ~0 rows (approximately)
/*!40000 ALTER TABLE `trprdt` DISABLE KEYS */;
INSERT INTO `trprdt` (`nopr`, `idpart`, `qty`, `idunit`, `remark`) VALUES
	('PRVIP/2017-03/0001', 'MB1150', 1, 'pcs', '');
/*!40000 ALTER TABLE `trprdt` ENABLE KEYS */;

-- Dumping data for table iso.trprhd: ~0 rows (approximately)
/*!40000 ALTER TABLE `trprhd` DISABLE KEYS */;
INSERT INTO `trprhd` (`nopr`, `nowr`, `tanggal`, `remark`, `status`) VALUES
	('PRVIP/2017-03/0001', 'WRVIP/2017-03/0001', '2017-03-13', '', 'O');
/*!40000 ALTER TABLE `trprhd` ENABLE KEYS */;

-- Dumping data for table iso.trrrdt: ~0 rows (approximately)
/*!40000 ALTER TABLE `trrrdt` DISABLE KEYS */;
/*!40000 ALTER TABLE `trrrdt` ENABLE KEYS */;

-- Dumping data for table iso.trrrhd: ~0 rows (approximately)
/*!40000 ALTER TABLE `trrrhd` DISABLE KEYS */;
/*!40000 ALTER TABLE `trrrhd` ENABLE KEYS */;

-- Dumping data for table iso.trwr: ~21 rows (approximately)
/*!40000 ALTER TABLE `trwr` DISABLE KEYS */;
INSERT INTO `trwr` (`nowr`, `date`, `idcomputer`, `idtech`, `user`, `idcompany`, `iddivisi`, `signature`, `assign`, `issue`, `alasan`, `status`, `closedate`, `getpart`, `request`, `vendor`) VALUES
	('WRIPAK/2017-02/0001', '2017-02-01 10:20:57', 'inj2-ppic', 'IT1', 'Sukma', 'ipak', 'TOP', 'Dedi', 'gofur', 'PC Mati', 'Power Supply Terbakar', 'CO', '2017-02-01 13:32:19', 'GPTOP/2017-02/0001', NULL, NULL),
	('WRIPAK/2017-03/0001', '2017-03-12 13:20:57', 'inj2-adm1', 'IT1', 'Sukma', 'ipak', 'TOP', 'Dedi', 'gofur', 'Share File Mati', 'Wifi Router Terlalu Panas', 'CO', '2017-03-12 13:58:30', NULL, NULL, NULL),
	('WRIPAK/2017-03/0002', '2017-03-15 16:20:57', 'rub-lab2', 'IT1', 'Lala', 'ipak', 'AGP', 'Mulyono', 'gofur', 'Aplikasi Mesin Error', 'Aplikasi Error', 'CO', '2017-03-16 09:21:02', NULL, NULL, NULL),
	('WRIPAK/2017-04/0001', '2017-04-20 10:20:57', 'inj2-hrd', 'IT1', 'Sukma', 'ipak', 'TOP', 'Dedi', 'gofur', 'Wifi tidak terdeteksi', 'Wifi Router Terlalu Panas', 'CO', '2017-04-20 11:01:23', NULL, NULL, NULL),
	('WRIPAK/2017-05/0001', '2017-05-02 08:20:57', 'rub-ppic1', 'IT1', 'Fitri', 'ipak', 'AGP', 'Mulyono', 'gofur', 'CPU Lambat', 'Harddisk Mulai Crash', 'CO', '2017-05-02 10:13:02', 'GPAGP/2017-05/0001', NULL, NULL),
	('WRIPAK/2017-05/0002', '2017-05-12 14:20:57', 'rub-adm1', 'IT1', 'Fitri', 'ipak', 'AGP', 'Mulyono', 'gofur', 'Gagal print share', 'Wifi Usb Tidak terpasang dengan Baik', 'CO', '2017-05-12 15:20:12', NULL, NULL, NULL),
	('WRIPAK/2017-06/0001', '2017-06-15 13:09:08', 'rub-adm2', 'IT1', 'Fitri', 'ipak', 'AGP', 'Mulyono', 'gofur', 'Email Error', 'Modem Mati karna Batrai kosong', 'CO', '2017-06-15 14:00:23', NULL, NULL, NULL),
	('WRIPAK/2017-06/0002', '2017-06-30 09:02:08', 'rub-ppic1', 'IT1', 'Fitri', 'ipak', 'AGP', 'Mulyono', 'gofur', 'Semua CPU Rubber Mati', 'Semua Kabel Listik Putus', 'CO', '2017-06-30 12:32:31', NULL, NULL, NULL),
	('WRIPAK/2017-07/0001', '2017-07-10 11:19:08', 'inj2-adm2', 'IT1', 'Sukma', 'ipak', 'TOP', 'Dedi', 'gofur', 'CPU PPIC Mati', 'Power Supply Rusak', 'CO', '2017-07-10 13:21:33', 'GPTOP/2017-07/0001', NULL, NULL),
	('WRIPAK/2017-08/0001', '2017-08-25 16:19:08', 'inj2-adm1', 'IT1', 'Sukma', 'ipak', 'TOP', 'Dedi', 'gofur', 'Internet Wifi Mati', 'Speedy Offline', 'CO', '2017-08-25 17:01:22', NULL, NULL, NULL),
	('WRIPAK/2017-09/0001', '2017-09-05 13:22:09', 'inj2-hrd', 'IT1', 'Sukma', 'ipak', 'TOP', 'Dedi', 'gofur', 'Request Ubah Password Wifi', '-', 'CO', '2017-09-05 13:59:21', NULL, NULL, NULL),
	('WRIPAK/2017-10/0001', '2017-10-03 14:20:57', 'inj2-hrd', 'IT1', 'Sukma', 'ipak', 'TOP', 'Dedi', 'gofur', 'Telp Ruangan Mati', 'kabel di pabx lepas', 'CO', '2017-10-03 16:02:16', NULL, NULL, NULL),
	('WRVIP/2017-02/0001', '2017-02-23 14:14:10', 'hrd-vip', 'IT1', 'Entin', 'vip', 'VIP', 'Basuki', 'gofur', 'Internet Error', 'Modem Panas', 'CO', '2017-02-23 16:06:48', NULL, NULL, NULL),
	('WRVIP/2017-03/0001', '2017-03-13 12:45:18', 'hrd-vip', 'IT1', 'entin', 'vip', 'VIP', 'Basuki', 'gofur', 'komputer minta ganti', 'Motherboard Error', 'CO', '2017-03-13 15:22:15', 'GPVIP/2017-03/0001', 'PRVIP/2017-03/0001', NULL),
	('WRVIP/2017-04/0001', '2017-04-03 13:39:11', 'dsn2-vip', 'IT1', 'Nella', 'vip', 'VIP', 'Basuki', 'gofur', 'PC ga bisa Login', 'Windows Error', 'CO', '2017-04-03 15:17:06', NULL, NULL, NULL),
	('WRVIP/2017-04/0002', '2017-04-18 10:19:54', 'svrvip', 'IT1', 'Ika', 'vip', 'VIP', 'Basuki', 'gofur', 'CPU Ga bisa Internet', 'Wifi Lan Error', 'CO', '2017-04-18 12:11:37', NULL, NULL, NULL),
	('WRVIP/2017-04/0003', '2017-04-19 11:09:02', 'wh1-vip', 'IT1', 'Narko', 'vip', 'VIP', 'Basuki', 'gofur', 'CPU ga bisa share Print', 'CPU Share Hang', 'CO', '2017-04-19 14:03:32', NULL, NULL, NULL),
	('WRVIP/2017-06/0001', '2017-06-22 09:02:02', 'ppichl-vip', 'IT1', 'Nela', 'vip', 'VIP', 'Triono', 'gofur', 'CPU Lambat', 'Memory Rendah', 'CO', '2017-06-22 12:35:08', 'GPVIP/2017-06/0001', NULL, NULL),
	('WRVIP/2017-06/0002', '2017-06-24 08:32:03', 'qa-vip', 'IT1', 'Ani', 'vip', 'VIP', 'Basuki', 'gofur', 'Komputer ga Nyala', 'Power Supply Rusak', 'CO', '2017-06-24 10:22:22', 'GPVIP/2017-06/0002', NULL, NULL),
	('WRVIP/2017-08/0001', '2017-08-10 09:21:17', 'qc-vip', 'IT1', 'Ani', 'vip', 'VIP', 'Basuki', 'gofur', 'Email Gagal Kirim', 'Email Via Browser Di kunci', 'CO', '2017-08-10 14:40:06', NULL, NULL, NULL),
	('WRVIP/2017-09/0001', '2017-09-22 11:36:17', 'ppicinj-vip', 'IT1', 'Ani', 'vip', 'VIP', 'Basuki', 'gofur', 'Print Bergaris', 'Head Print Kotor', 'CO', '2017-09-22 16:23:29', NULL, NULL, NULL);
/*!40000 ALTER TABLE `trwr` ENABLE KEYS */;

-- Dumping data for table iso.wrschedule: ~21 rows (approximately)
/*!40000 ALTER TABLE `wrschedule` DISABLE KEYS */;
INSERT INTO `wrschedule` (`nowr`, `date`, `idcompany`, `iddivisi`, `schedule`) VALUES
	('WRIPAK/2017-02/0001', '2017-02-01', 'ipak', 'TOP', 1),
	('WRIPAK/2017-03/0001', '2017-03-12', 'ipak', 'TOP', 1),
	('WRIPAK/2017-03/0002', '2017-03-15', 'ipak', 'AGP', 1),
	('WRIPAK/2017-04/0001', '2017-04-20', 'ipak', 'TOP', 1),
	('WRIPAK/2017-05/0001', '2017-05-02', 'ipak', 'AGP', 1),
	('WRIPAK/2017-05/0002', '2017-05-12', 'ipak', 'AGP', 1),
	('WRIPAK/2017-06/0001', '2017-06-15', 'ipak', 'AGP', 1),
	('WRIPAK/2017-06/0002', '2017-06-30', 'ipak', 'AGP', 1),
	('WRIPAK/2017-07/0001', '2017-07-20', 'ipak', 'TOP', 1),
	('WRIPAK/2017-08/0001', '2017-08-25', 'ipak', 'TOP', 1),
	('WRIPAK/2017-09/0001', '2017-09-05', 'ipak', 'TOP', 1),
	('WRIPAK/2017-10/0001', '2017-10-03', 'ipak', 'TOP', 1),
	('WRVIP/2017-02/0001', '2017-02-23', 'vip', 'VIP', 1),
	('WRVIP/2017-03/0001', '2017-03-13', 'vip', 'VIP', 1),
	('WRVIP/2017-04/0001', '2017-04-03', 'vip', 'VIP', 1),
	('WRVIP/2017-04/0002', '2017-04-18', 'vip', 'VIP', 1),
	('WRVIP/2017-04/0003', '2017-04-19', 'vip', 'VIP', 1),
	('WRVIP/2017-06/0001', '2017-06-22', 'vip', 'VIP', 1),
	('WRVIP/2017-06/0002', '2017-06-24', 'vip', 'VIP', 1),
	('WRVIP/2017-08/0001', '2017-08-10', 'vip', 'VIP', 1),
	('WRVIP/2017-09/0001', '2017-09-22', 'vip', 'VIP', 1);
/*!40000 ALTER TABLE `wrschedule` ENABLE KEYS */;
/*!40101 SET SQL_MODE=IFNULL(@OLD_SQL_MODE, '') */;
/*!40014 SET FOREIGN_KEY_CHECKS=IF(@OLD_FOREIGN_KEY_CHECKS IS NULL, 1, @OLD_FOREIGN_KEY_CHECKS) */;
/*!40101 SET CHARACTER_SET_CLIENT=@OLD_CHARACTER_SET_CLIENT */;
